,/driver/blink/data,/driver/face_pitch/data,/driver/face_roll/data,/driver/face_yaw/data,/mobileye/01/data,/mobileye/02/data,/mobileye/03/data,/mobileye/04/data,/mobileye/06/data,/mobileye/07/data,/mobileye/08/data,/mobileye/09/data,/mobileye/10/data,/mobileye/11/data,/mobileye/12/data,/mobileye/13/data,/mobileye/14/data,/mobileye/15/data,/mobileye/16/data,/mobileye/17/data,/mobileye/18/data,/mobileye/19/data,/mobileye/20/data,/mobileye/21/data,/mobileye/22/data,/mobileye/23/data,/mobileye/24/data,/mobileye/25/data,/mobileye/26/data,/mobileye/27/data,/mobileye/28/data,/mobileye/29/data,/mobileye/30/data,/mobileye/31/data,/mobileye/32/data,/mobileye/33/data,/mobileye/34/data,/mobileye/35/data,/vehicle/acceleration/accel/linear/y,/vehicle/acceleration/accel/linear/x,/vehicle/acceleration/accel/linear/z,/vehicle/acceleration/accel/angular/y,/vehicle/acceleration/accel/angular/x,/vehicle/acceleration/accel/angular/z,/vehicle/analog/back_signal/data,/vehicle/analog/brake_signal/data,/vehicle/analog/speed_pulse/data,/vehicle/analog/turn_signal/data,/vehicle/extracted_can/brake_pedal_hydraulic/data,/vehicle/extracted_can/gas_pedal_position/data,/vehicle/extracted_can/headlight_state/data,/vehicle/extracted_can/seat_belt_state/data,/vehicle/extracted_can/speed/data,/vehicle/extracted_can/steering_angle/data,/vehicle/gnss/altitude,/vehicle/gnss/latitude,/vehicle/gnss/longitude,/vehicle/gnss/position_covariance,/vehicle/gnss/position_covariance_type,/vehicle/gnss/status
2017-01-22 08:39:58.019999980,,,,,,,,,,,,,,,,,,,,,,,,,,,,,,,,,,,,,,,,,,,,,,,,,0.5640000104904175,0.0,,,,-48.0,,,,,,
2017-01-22 08:39:58.029999971,1.0,-4.400000095367432,2.200000047683716,-11.100000381469727,,,,,,,,,,,,,,,,,,,,,,,,,,,,,,,,,,,,,,,,,,,,,,,,,,,,,,,,
2017-01-22 08:39:58.039999961,,,,,,,,,,,,,,,,,,,,,,,,,,,,,,,,,,,,,,,,,,,,,,,,,0.527999997138977,0.0,,False,,-49.5,,,,,,
2017-01-22 08:39:58.049999952,,,,,,,,,,,,,,,,,,,,,,,,,,,,,,,,,,,,,,,,,,,,,False,True,14.0,0.0,,,,,,,,,,,,
2017-01-22 08:39:58.059999942,,,,,2.0,2.0,-1.7400000095367432,0.9399999976158142,0.010601043701171875,0.0,-0.12484607845544815,0.0,0.0,0.0,1.0,0.0,0.0,0.0,37.1875,-2048.0,250.0,0.0,8.0,37.1875,3.6875,0.0,0.0,10.125,0.0,3.0,0.0,-1.0,1.399999976158142,254.0,2.0,-2048.0,0.11999999731779099,-5.739999771118164,,,,,,,,,,,,0.0,,,,-51.0,,,,,,
2017-01-22 08:39:58.069999933,1.0,-5.099999904632568,0.6000000238418579,-13.100000381469727,,,,,,,,,,,,,,,,,,,,,,,,,,,,,,,,,,,,,,,,,,,,,,,,,,,,,,,,
2017-01-22 08:39:58.079999923,,,,,,,,,,,,,,,,,,,,,,,,,,,,,,,,,,,,,,,,,,,,,,,,,0.492000013589859,0.0,,,,-54.0,,,,,,
2017-01-22 08:39:58.099999904,,,,,,,,,,,,,,,,,,,,,,,,,,,,,,,,,,,,,,,-0.148,-0.02,1.023,0.0,0.0,0.0,False,True,12.0,0.0,0.4440000057220459,,,,,-55.5,,,,,,
2017-01-22 08:39:58.119999885,,,,,,,,,,,,,,,,,,,,,,,,,,,,,,,,,,,,,,,,,,,,,,,,,0.3959999978542328,0.0,2.0,,,-57.0,,,,,,
2017-01-22 08:39:58.140000104,,,,,,,,,,,,,,,,,,,,,,,,,,,,,,,,,,,,,,,,,,,,,,,,,0.36000001430511475,0.0,,,,-58.5,,,,,,
2017-01-22 08:39:58.150000095,,,,,,,,,,,,,,,,,,,,,,,,,,,,,,,,,,,,,,,,,,,,,False,True,11.0,0.0,,,,,,,,,,,,
2017-01-22 08:39:58.160000085,,,,,2.0,2.0,-1.7599999904632568,0.9399999976158142,0.009828567504882812,0.0,-0.12484607845544815,0.0,0.0,0.0,1.0,0.0,0.0,0.0,37.5,-2048.0,250.0,0.0,8.0,37.5,3.75,0.0,0.0,9.9375,0.0,3.0,0.0,-1.0,1.399999976158142,254.0,2.0,-2048.0,15.270000457763672,-5.760000228881836,,,,,,,,,,,0.3240000009536743,0.0,,,,-61.5,,,,,,
2017-01-22 08:39:58.180000066,,,,,,,,,,,,,,,,,,,,,,,,,,,,,,,,,,,,,,,,,,,,,,,,,,0.0,,,,-64.5,,,,,,
2017-01-22 08:39:58.200000047,,,,,,,,,,,,,,,,,,,,,,,,,,,,,,,,,,,,,,,-0.129,0.027,1.0,0.0,0.0,0.0,False,True,12.0,0.0,0.30000001192092896,0.0,,,,-64.5,,,,,,
2017-01-22 08:39:58.220000028,,,,,,,,,,,,,,,,,,,,,,,,,,,,,,,,,,,,,,,,,,,,,,,,,0.2879999876022339,0.0,,,,-67.5,,,,,,
2017-01-22 08:39:58.240000009,,,,,2.0,2.0,-1.7599999904632568,0.9599999785423279,0.00855255126953125,0.0,-0.12484607845544815,0.0,0.0,0.0,1.0,0.0,0.0,0.0,38.25,-2048.0,250.0,0.0,8.0,38.25,3.875,0.0,0.0,10.0625,0.0,3.0,0.0,-1.0,1.399999976158142,254.0,2.0,-2048.0,15.149999618530273,-5.869999885559082,,,,,,,,,,,0.2879999876022339,,,,,-70.5,,,,,,
2017-01-22 08:39:58.250000000,,,,,,,,,,,,,,,,,,,,,,,,,,,,,,,,,,,,,,,,,,,,,False,True,11.0,2.0,,,,,,,,,,,,
2017-01-22 08:39:58.259999990,,,,,,,,,,,,,,,,,,,,,,,,,,,,,,,,,,,,,,,,,,,,,,,,,0.2879999876022339,0.0,,,,-72.0,,,,,,
2017-01-22 08:39:58.279999971,,,,,,,,,,,,,,,,,,,,,,,,,,,,,,,,,,,,,,,,,,,,,,,,,,0.0,,,,-75.0,,,,,,
2017-01-22 08:39:58.299999952,,,,,,,,,,,,,,,,,,,,,,,,,,,,,,,,,,,,,,,-0.09,-0.027,1.09,0.0,0.0,0.0,False,True,11.0,2.0,0.2879999876022339,0.0,,,8.0,-75.0,,,,,,
2017-01-22 08:39:58.319999933,,,,,,,,,,,,,,,,,,,,,,,,,,,,,,,,,,,,,,,,,,,,,,,,,0.31200000643730164,0.0,,,,-78.0,,,,,,
2017-01-22 08:39:58.339999914,,,,,2.0,2.0,-1.7999999523162842,0.9599999785423279,0.0063877105712890625,0.0,-0.12484607845544815,0.0,0.0,0.0,1.0,0.0,0.0,0.0,40.125,-2048.0,250.0,0.0,8.0,40.125,4.25,0.0,0.0,10.25,0.0,3.0,0.0,-1.0,1.399999976158142,254.0,2.0,-2048.0,15.029999732971191,-6.099999904632568,,,,,,,,,,,0.31200000643730164,0.0,,False,,-79.5,,,,,,
2017-01-22 08:39:58.349999904,,,,,,,,,,,,,,,,,,,,,,,,,,,,,,,,,,,,,,,,,,,,,False,True,11.0,2.0,,,,,,,,,,,,
2017-01-22 08:39:58.359999895,,,,,,,,,,,,,,,,,,,,,,,,,,,,,,,,,,,,,,,,,,,,,,,,,0.31200000643730164,0.0,,,,-81.0,,,,,,
2017-01-22 08:39:58.380000114,,,,,,,,,,,,,,,,,,,,,,,,,,,,,,,,,,,,,,,,,,,,,,,,,,,,,,-84.0,,,,,,
2017-01-22 08:39:58.400000095,,,,,,,,,,,,,,,,,,,,,,,,,,,,,,,,,,,,,,,-0.102,0.008,0.996,0.0,0.0,0.0,False,True,11.0,2.0,0.31200000643730164,0.0,,,,-85.5,,,,,,
2017-01-22 08:39:58.420000076,,,,,2.0,2.0,-1.7999999523162842,0.9599999785423279,0.0058040618896484375,0.0,-0.12484607845544815,0.0,0.0,0.0,1.0,0.0,0.0,0.0,41.5,-2048.0,250.0,0.0,8.0,41.5,4.5,0.0,0.0,10.5,0.0,3.0,0.0,-1.0,1.399999976158142,254.0,2.0,-2048.0,15.029999732971191,-6.230000019073486,,,,,,,,,,,0.31200000643730164,0.0,,,,-85.5,,,,,,
2017-01-22 08:39:58.440000057,,,,,,,,,,,,,,,,,,,,,,,,,,,,,,,,,,,,,,,,,,,,,,,,,0.31200000643730164,0.0,,,,-87.0,,,,,,
2017-01-22 08:39:58.450000047,,,,,,,,,,,,,,,,,,,,,,,,,,,,,,,,,,,,,,,,,,,,,False,True,9.0,2.0,,,,,,,,,,,,
2017-01-22 08:39:58.460000038,,,,,,,,,,,,,,,,,,,,,,,,,,,,,,,,,,,,,,,,,,,,,,,,,0.31200000643730164,0.0,,,,-87.0,,,,,,
2017-01-22 08:39:58.480000019,,,,,,,,,,,,,,,,,,,,,,,,,,,,,,,,,,,,,,,,,,,,,,,,,0.31200000643730164,0.0,,,,-88.5,,,,,,
2017-01-22 08:39:58.500000000,,,,,,,,,,,,,,,,,,,,,,,,,,,,,,,,,,,,,,,-0.137,0.027,1.008,0.0,0.0,0.0,False,True,9.0,2.0,,,,,,-90.0,,,,,,
2017-01-22 08:39:58.519999980,,,,,2.0,2.0,-1.8200000524520874,0.9599999785423279,0.0054264068603515625,0.0,-0.12484607845544815,0.0,0.0,0.0,1.0,0.0,0.0,0.0,41.625,-2048.0,250.0,0.0,8.0,41.625,4.5625,0.0,0.0,10.375,0.0,3.0,0.0,-1.0,1.399999976158142,254.0,2.0,-2048.0,14.850000381469727,-6.329999923706055,,,,,,,,,,,0.31200000643730164,0.0,,,,-90.0,,,,,,
2017-01-22 08:39:58.539999961,,,,,,,,,,,,,,,,,,,,,,,,,,,,,,,,,,,,,,,,,,,,,,,,,0.31200000643730164,0.0,,,,-91.5,,,,,,
2017-01-22 08:39:58.549999952,,,,,,,,,,,,,,,,,,,,,,,,,,,,,,,,,,,,,,,,,,,,,False,True,9.0,2.0,,,,,,,,,,,,
2017-01-22 08:39:58.559999942,,,,,,,,,,,,,,,,,,,,,,,,,,,,,,,,,,,,,,,,,,,,,,,,,0.31200000643730164,0.0,,,,-91.5,,,,,,
2017-01-22 08:39:58.579999923,,,,,,,,,,,,,,,,,,,,,,,,,,,,,,,,,,,,,,,,,,,,,,,,,0.3240000009536743,0.0,,,,-93.0,,,,,,
2017-01-22 08:39:58.599999904,,,,,,,,,,,,,,,,,,,,,,,,,,,,,,,,,,,,,,,-0.156,-0.043,1.035,0.0,0.0,0.0,False,True,9.0,0.0,,0.0,,,,-94.5,,,,,,
2017-01-22 08:39:58.619999885,,,,,2.0,2.0,-1.840000033378601,0.9599999785423279,0.0072574615478515625,0.0,-0.12484607845544815,0.0,0.0,0.0,1.0,0.0,0.0,0.0,42.5625,-2048.0,250.0,0.0,8.0,42.5625,4.8125,0.0,0.0,10.3125,0.0,3.0,0.0,-1.0,1.399999976158142,254.0,2.0,-2048.0,14.279999732971191,-6.539999961853027,,,,,,,,,,,0.335999995470047,0.0,,,,-94.5,,,,,,
2017-01-22 08:39:58.640000104,,,,,,,,,,,,,,,,,,,,,,,,,,,,,,,,,,,,,,,,,,,,,,,,,0.335999995470047,,,False,,-96.0,,,,,,
2017-01-22 08:39:58.650000095,,,,,,,,,,,,,,,,,,,,,,,,,,,,,,,,,,,,,,,,,,,,,False,True,8.0,0.0,,,,,,,,,,,,
2017-01-22 08:39:58.660000085,,,,,,,,,,,,,,,,,,,,,,,,,,,,,,,,,,,,,,,,,,,,,,,,,0.335999995470047,0.0,,,,-99.0,,,,,,
2017-01-22 08:39:58.680000066,,,,,,,,,,,,,,,,,,,,,,,,,,,,,,,,,,,,,,,,,,,,,,,,,0.335999995470047,0.0,,,,-99.0,,,,,,
2017-01-22 08:39:58.700000047,,,,,2.0,2.0,-1.8600000143051147,0.9599999785423279,0.0061855316162109375,0.0,-0.12484607845544815,0.0,0.0,0.0,1.0,0.0,0.0,0.0,44.5625,-2048.0,250.0,0.0,8.0,44.5625,5.375,0.0,0.0,10.75,0.0,3.0,0.0,-1.0,1.399999976158142,254.0,2.0,-2048.0,14.9399995803833,-6.929999828338623,-0.117,-0.07,1.023,0.0,0.0,0.0,False,True,8.0,0.0,,0.0,,,,-102.0,,,,,,
2017-01-22 08:39:58.720000028,,,,,,,,,,,,,,,,,,,,,,,,,,,,,,,,,,,,,,,,,,,,,,,,,0.335999995470047,0.0,,,,-105.0,,,,,,
2017-01-22 08:39:58.740000009,,,,,,,,,,,,,,,,,,,,,,,,,,,,,,,,,,,,,,,,,,,,,,,,,0.335999995470047,0.0,,,,-106.5,,,,,,
2017-01-22 08:39:58.750000000,,,,,,,,,,,,,,,,,,,,,,,,,,,,,,,,,,,,,,,,,,,,,False,True,7.0,0.0,,,,,,,,,,,,
2017-01-22 08:39:58.759999990,,,,,,,,,,,,,,,,,,,,,,,,,,,,,,,,,,,,,,,,,,,,,,,,,0.335999995470047,,,,,-109.5,,,,,,
2017-01-22 08:39:58.779999971,,,,,,,,,,,,,,,,,,,,,,,,,,,,,,,,,,,,,,,,,,,,,,,,,0.335999995470047,0.0,,,,-111.0,,,,,,
2017-01-22 08:39:58.799999952,,,,,2.0,2.0,-1.8799999952316284,0.9599999785423279,0.00571441650390625,0.0,-0.12484607845544815,0.0,0.0,0.0,1.0,0.0,0.0,0.0,45.375,-2048.0,250.0,0.0,8.0,45.375,5.625,0.0,0.0,10.875,0.0,3.0,0.0,-1.0,1.399999976158142,254.0,2.0,-2048.0,14.970000267028809,-7.019999980926514,-0.078,0.035,1.059,0.0,0.0,0.0,False,True,8.0,0.0,0.31200000643730164,0.0,,,6.0,-115.5,,,,,,
2017-01-22 08:39:58.819999933,,,,,,,,,,,,,,,,,,,,,,,,,,,,,,,,,,,,,,,,,,,,,,,,,,0.0,,,,-118.5,,,,,,
2017-01-22 08:39:58.839999914,,,,,,,,,,,,,,,,,,,,,,,,,,,,,,,,,,,,,,,,,,,,,,,,,0.31200000643730164,0.0,,,,-120.0,,,,,,
2017-01-22 08:39:58.849999904,,,,,,,,,,,,,,,,,,,,,,,,,,,,,,,,,,,,,,,,,,,,,False,True,8.0,0.0,,,,,,,,,,,,
2017-01-22 08:39:58.859999895,,,,,,,,,,,,,,,,,,,,,,,,,,,,,,,,,,,,,,,,,,,,,,,,,0.2879999876022339,0.0,,,,-124.5,,,,,,
2017-01-22 08:39:58.880000114,,,,,,,,,,,,,,,,,,,,,,,,,,,,,,,,,,,,,,,,,,,,,,,,,0.2879999876022339,0.0,,,,-127.5,,,,,,
2017-01-22 08:39:58.900000095,,,,,2.0,2.0,-1.8799999952316284,0.9599999785423279,0.00533294677734375,0.0,-0.12484607845544815,0.0,0.0,0.0,1.0,0.0,0.0,0.0,46.1875,-2048.0,250.0,0.0,8.0,46.1875,5.8125,0.0,0.0,10.9375,0.0,3.0,0.0,-1.0,1.399999976158142,254.0,2.0,-2048.0,14.970000267028809,-7.199999809265137,-0.152,-0.059,1.008,0.0,0.0,0.0,False,True,7.0,0.0,0.2639999985694885,,,,,-127.5,,,,,,
2017-01-22 08:39:58.920000076,,,,,,,,,,,,,,,,,,,,,,,,,,,,,,,,,,,,,,,,,,,,,,,,,,0.0,,,,-129.0,,,,,,
2017-01-22 08:39:58.940000057,,,,,,,,,,,,,,,,,,,,,,,,,,,,,,,,,,,,,,,,,,,,,,,,,0.25200000405311584,0.0,,False,,-130.5,,,,,,
2017-01-22 08:39:58.950000047,,,,,,,,,,,,,,,,,,,,,,,,,,,,,,,,,,,,,,,,,,,,,False,True,7.0,2.0,,,,,,,,,,,,
2017-01-22 08:39:58.960000038,,,,,,,,,,,,,,,,,,,,,,,,,,,,,,,,,,,,,,,,,,,,,,,,,0.23999999463558197,0.0,,,,-130.5,,,,,,
2017-01-22 08:39:58.980000019,,,,,,,,,,,,,,,,,,,,,,,,,,,,,,,,,,,,,,,,,,,,,,,,,0.2280000001192093,0.0,,,,-130.5,,,,,,
2017-01-22 08:39:59.000000000,,,,,2.0,2.0,-1.899999976158142,0.9599999785423279,0.0056591033935546875,0.0,-0.12484607845544815,0.0,0.0,0.0,0.0,0.0,0.0,0.0,,,,,,,,,,,,,,,,,,,,,-0.109,0.031,1.031,0.0,0.0,0.0,False,True,7.0,2.0,0.2160000056028366,0.0,,,,-130.5,0.0,34.97381,137.15401833333334,"[0.0, 0.0, 0.0, 0.0, 0.0, 0.0, 0.0, 0.0, 0.0]",0.0,"{'status': 0, 'service': 0}"
2017-01-22 08:39:59.019999980,,,,,,,,,,,,,,,,,,,,,,,,,,,,,,,,,,,,,,,,,,,,,,,,,0.2160000056028366,0.0,,,,-130.5,,,,,,
2017-01-22 08:39:59.039999961,,,,,,,,,,,,,,,,,,,,,,,,,,,,,,,,,,,,,,,,,,,,,,,,,,,,,,-132.0,,,,,,
2017-01-22 08:39:59.049999952,,,,,,,,,,,,,,,,,,,,,,,,,,,,,,,,,,,,,,,,,,,,,False,True,7.0,2.0,,,,,,,,,,,,
2017-01-22 08:39:59.059999942,,,,,,,,,,,,,,,,,,,,,,,,,,,,,,,,,,,,,,,,,,,,,,,,,0.19200000166893005,0.0,,,,-132.0,,,,,,
2017-01-22 08:39:59.079999923,,,,,2.0,2.0,-1.9199999570846558,0.9599999785423279,0.0053882598876953125,0.0,-0.12484607845544815,0.0,0.0,0.0,0.0,0.0,0.0,0.0,,,,,,,,,,,,,,,,,,,,,,,,,,,,,,,0.19200000166893005,0.0,,,,-133.5,,,,,,
2017-01-22 08:39:59.099999904,,,,,,,,,,,,,,,,,,,,,,,,,,,,,,,,,,,,,,,-0.094,-0.02,0.984,0.0,0.0,0.0,False,True,7.0,2.0,0.1679999977350235,0.0,,,,-135.0,,,,,,
2017-01-22 08:39:59.119999885,,,,,,,,,,,,,,,,,,,,,,,,,,,,,,,,,,,,,,,,,,,,,,,,,0.15600000321865082,0.0,2.0,,,-135.0,,,,,,
2017-01-22 08:39:59.140000104,,,,,,,,,,,,,,,,,,,,,,,,,,,,,,,,,,,,,,,,,,,,,,,,,,0.0,,,,-138.0,,,,,,
2017-01-22 08:39:59.150000095,,,,,,,,,,,,,,,,,,,,,,,,,,,,,,,,,,,,,,,,,,,,,False,True,7.0,2.0,,,,,,,,,,,,
2017-01-22 08:39:59.160000085,,,,,,,,,,,,,,,,,,,,,,,,,,,,,,,,,,,,,,,,,,,,,,,,,0.14399999380111694,,,,,-139.5,,,,,,
2017-01-22 08:39:59.180000066,,,,,2.0,2.0,-1.9199999570846558,0.9599999785423279,0.0051250457763671875,0.0,-0.12484607845544815,0.0,0.0,0.0,0.0,0.0,0.0,0.0,,,,,,,,,,,,,,,,,,,,,,,,,,,,,,,0.13199999928474426,0.0,,,,-141.0,,,,,,
2017-01-22 08:39:59.200000047,,,,,,,,,,,,,,,,,,,,,,,,,,,,,,,,,,,,,,,-0.102,-0.012,1.047,0.0,0.0,0.0,False,True,5.0,2.0,0.11999999731779099,0.0,,,,-142.5,,,,,,
2017-01-22 08:39:59.220000028,,,,,,,,,,,,,,,,,,,,,,,,,,,,,,,,,,,,,,,,,,,,,,,,,0.11999999731779099,0.0,,,,-144.0,,,,,,
2017-01-22 08:39:59.240000009,,,,,,,,,,,,,,,,,,,,,,,,,,,,,,,,,,,,,,,,,,,,,,,,,0.11999999731779099,0.0,,False,,-145.5,,,,,,
2017-01-22 08:39:59.250000000,,,,,,,,,,,,,,,,,,,,,,,,,,,,,,,,,,,,,,,,,,,,,False,True,5.0,2.0,,,,,,,,,,,,
2017-01-22 08:39:59.259999990,,,,,,,,,,,,,,,,,,,,,,,,,,,,,,,,,,,,,,,,,,,,,,,,,,0.0,,,,-148.5,,,,,,
2017-01-22 08:39:59.279999971,,,,,2.0,2.0,-1.940000057220459,0.9599999785423279,0.004978179931640625,0.0,-0.12484607845544815,0.0,0.0,0.0,0.0,0.0,0.0,0.0,,,,,,,,,,,,,,,,,,,,,,,,,,,,,,,0.11999999731779099,0.0,,,,-148.5,,,,,,
2017-01-22 08:39:59.299999952,,,,,,,,,,,,,,,,,,,,,,,,,,,,,,,,,,,,,,,-0.078,-0.027,1.012,0.0,0.0,0.0,False,True,5.0,0.0,0.11999999731779099,,,,3.0,-151.5,,,,,,
2017-01-22 08:39:59.319999933,,,,,,,,,,,,,,,,,,,,,,,,,,,,,,,,,,,,,,,,,,,,,,,,,0.1080000028014183,0.0,,,,-154.5,,,,,,
2017-01-22 08:39:59.339999914,,,,,,,,,,,,,,,,,,,,,,,,,,,,,,,,,,,,,,,,,,,,,,,,,0.09600000083446503,0.0,,,,-154.5,,,,,,
2017-01-22 08:39:59.349999904,,,,,,,,,,,,,,,,,,,,,,,,,,,,,,,,,,,,,,,,,,,,,False,True,4.0,0.0,,,,,,,,,,,,
2017-01-22 08:39:59.359999895,,,,,2.0,2.0,-1.940000057220459,0.9399999976158142,0.0048732757568359375,0.0,-0.12484607845544815,0.0,0.0,0.0,0.0,0.0,0.0,0.0,,,,,,,,,,,,,,,,,,,,,,,,,,,,,,,,0.0,,,,-157.5,,,,,,
2017-01-22 08:39:59.380000114,,,,,,,,,,,,,,,,,,,,,,,,,,,,,,,,,,,,,,,,,,,,,,,,,0.09600000083446503,0.0,,,,-157.5,,,,,,
2017-01-22 08:39:59.400000095,,,,,,,,,,,,,,,,,,,,,,,,,,,,,,,,,,,,,,,-0.109,-0.02,1.016,0.0,0.0,0.0,False,True,5.0,0.0,0.08399999886751175,0.0,,,,-160.5,,,,,,
2017-01-22 08:39:59.420000076,,,,,,,,,,,,,,,,,,,,,,,,,,,,,,,,,,,,,,,,,,,,,,,,,0.07199999690055847,0.0,,,,-162.0,,,,,,
2017-01-22 08:39:59.440000057,,,,,,,,,,,,,,,,,,,,,,,,,,,,,,,,,,,,,,,,,,,,,,,,,0.07199999690055847,,,,,-162.0,,,,,,
2017-01-22 08:39:59.450000047,,,,,,,,,,,,,,,,,,,,,,,,,,,,,,,,,,,,,,,,,,,,,False,True,5.0,0.0,,,,,,,,,,,,
2017-01-22 08:39:59.460000038,,,,,2.0,2.0,-1.9600000381469727,0.9399999976158142,0.004791259765625,0.0,-0.12484607845544815,0.0,0.0,0.0,0.0,0.0,0.0,0.0,,,,,,,,,,,,,,,,,,,,,,,,,,,,,,,0.07199999690055847,0.0,,,,-163.5,,,,,,
2017-01-22 08:39:59.480000019,,,,,,,,,,,,,,,,,,,,,,,,,,,,,,,,,,,,,,,,,,,,,,,,,,0.0,,,,-163.5,,,,,,
2017-01-22 08:39:59.500000000,,,,,,,,,,,,,,,,,,,,,,,,,,,,,,,,,,,,,,,-0.09,0.012,1.047,0.0,0.0,0.0,False,True,5.0,0.0,0.07199999690055847,0.0,,,,-163.5,,,,,,
2017-01-22 08:39:59.519999980,,,,,,,,,,,,,,,,,,,,,,,,,,,,,,,,,,,,,,,,,,,,,,,,,0.07199999690055847,0.0,,,,-163.5,,,,,,
2017-01-22 08:39:59.539999961,,,,,2.0,2.0,-1.9800000190734863,0.9399999976158142,0.0047245025634765625,0.0,-0.12484607845544815,0.0,0.0,0.0,0.0,0.0,0.0,0.0,,,,,,,,,,,,,,,,,,,,,,,,,,,,,,,0.07199999690055847,0.0,,False,,-165.0,,,,,,
2017-01-22 08:39:59.549999952,,,,,,,,,,,,,,,,,,,,,,,,,,,,,,,,,,,,,,,,,,,,,False,True,4.0,0.0,,,,,,,,,,,,
2017-01-22 08:39:59.559999942,,,,,,,,,,,,,,,,,,,,,,,,,,,,,,,,,,,,,,,,,,,,,,,,,0.08399999886751175,,,,,-165.0,,,,,,
2017-01-22 08:39:59.579999923,,,,,,,,,,,,,,,,,,,,,,,,,,,,,,,,,,,,,,,,,,,,,,,,,,0.0,,,,-165.0,,,,,,
2017-01-22 08:39:59.599999904,,,,,,,,,,,,,,,,,,,,,,,,,,,,,,,,,,,,,,,-0.063,-0.023,1.031,0.0,0.0,0.0,False,True,4.0,2.0,0.09600000083446503,0.0,,,,-165.0,,,,,,
2017-01-22 08:39:59.619999885,,,,,,,,,,,,,,,,,,,,,,,,,,,,,,,,,,,,,,,,,,,,,,,,,0.09600000083446503,0.0,,,,-165.0,,,,,,
2017-01-22 08:39:59.640000104,,,,,2.0,2.0,-1.9800000190734863,0.9399999976158142,0.004734039306640625,0.0,-0.12484607845544815,0.0,0.0,0.0,0.0,0.0,0.0,0.0,,,,,,,,,,,,,,,,,,,,,,,,,,,,,,,0.05999999865889549,0.0,,,,-165.0,,,,,,
2017-01-22 08:39:59.650000095,,,,,,,,,,,,,,,,,,,,,,,,,,,,,,,,,,,,,,,,,,,,,False,True,4.0,2.0,,,,,,,,,,,,
2017-01-22 08:39:59.660000085,,,,,,,,,,,,,,,,,,,,,,,,,,,,,,,,,,,,,,,,,,,,,,,,,0.0,0.0,,,,-165.0,,,,,,
2017-01-22 08:39:59.680000066,,,,,,,,,,,,,,,,,,,,,,,,,,,,,,,,,,,,,,,,,,,,,,,,,0.0,0.0,,,,-165.0,,,,,,
2017-01-22 08:39:59.700000047,,,,,,,,,,,,,,,,,,,,,,,,,,,,,,,,,,,,,,,-0.031,-0.051,1.039,0.0,0.0,0.0,False,True,4.0,2.0,,,,,,-165.0,,,,,,
2017-01-22 08:39:59.720000028,,,,,2.0,2.0,-1.9800000190734863,0.9399999976158142,0.004718780517578125,0.0,-0.12484607845544815,0.0,0.0,0.0,0.0,0.0,0.0,0.0,,,,,,,,,,,,,,,,,,,,,,,,,,,,,,,0.012000000104308128,0.0,,,,-165.0,,,,,,
2017-01-22 08:39:59.740000009,,,,,,,,,,,,,,,,,,,,,,,,,,,,,,,,,,,,,,,,,,,,,,,,,0.0,0.0,,,,-165.0,,,,,,
2017-01-22 08:39:59.750000000,,,,,,,,,,,,,,,,,,,,,,,,,,,,,,,,,,,,,,,,,,,,,False,False,4.0,2.0,,,,,,,,,,,,
2017-01-22 08:39:59.759999990,,,,,,,,,,,,,,,,,,,,,,,,,,,,,,,,,,,,,,,,,,,,,,,,,0.0,0.0,,,,-165.0,,,,,,
2017-01-22 08:39:59.779999971,,,,,,,,,,,,,,,,,,,,,,,,,,,,,,,,,,,,,,,,,,,,,,,,,0.035999998450279236,0.0,,,,-165.0,,,,,,
2017-01-22 08:39:59.799999952,,,,,,,,,,,,,,,,,,,,,,,,,,,,,,,,,,,,,,,0.016,-0.031,1.0,0.0,0.0,0.0,False,False,2.0,2.0,,0.0,,,2.0,-165.0,,,,,,
2017-01-22 08:39:59.819999933,,,,,2.0,2.0,-2.0,0.9399999976158142,0.004711151123046875,0.0,-0.12484607845544815,0.0,0.0,0.0,0.0,0.0,0.0,0.0,,,,,,,,,,,,,,,,,,,,,,,,,,,,,,,0.024000000208616257,,,,,-165.0,,,,,,
2017-01-22 08:39:59.839999914,,,,,,,,,,,,,,,,,,,,,,,,,,,,,,,,,,,,,,,,,,,,,,,,,0.024000000208616257,0.0,,False,,-165.0,,,,,,
2017-01-22 08:39:59.849999904,,,,,,,,,,,,,,,,,,,,,,,,,,,,,,,,,,,,,,,,,,,,,False,False,2.0,2.0,,,,,,,,,,,,
2017-01-22 08:39:59.859999895,,,,,,,,,,,,,,,,,,,,,,,,,,,,,,,,,,,,,,,,,,,,,,,,,0.0,0.0,,,,-165.0,,,,,,
2017-01-22 08:39:59.880000114,,,,,,,,,,,,,,,,,,,,,,,,,,,,,,,,,,,,,,,,,,,,,,,,,0.0,0.0,,,,-165.0,,,,,,
2017-01-22 08:39:59.900000095,,,,,2.0,2.0,-2.0,0.9200000166893005,0.004734039306640625,0.0,-0.12484607845544815,0.0,0.0,0.0,0.0,0.0,0.0,0.0,,,,,,,,,,,,,,,,,,,,,0.008,-0.023,1.109,0.0,0.0,0.0,False,False,2.0,2.0,0.0,0.0,,,,-165.0,,,,,,
2017-01-22 08:39:59.920000076,,,,,,,,,,,,,,,,,,,,,,,,,,,,,,,,,,,,,,,,,,,,,,,,,,0.0,,,,-165.0,,,,,,
2017-01-22 08:39:59.940000057,,,,,,,,,,,,,,,,,,,,,,,,,,,,,,,,,,,,,,,,,,,,,,,,,0.0,0.0,,,,-165.0,,,,,,
2017-01-22 08:39:59.950000047,,,,,,,,,,,,,,,,,,,,,,,,,,,,,,,,,,,,,,,,,,,,,False,False,2.0,0.0,,,,,,,,,,,,
2017-01-22 08:39:59.960000038,,,,,,,,,,,,,,,,,,,,,,,,,,,,,,,,,,,,,,,,,,,,,,,,,0.0,,,,,-165.0,,,,,,
2017-01-22 08:39:59.980000019,,,,,,,,,,,,,,,,,,,,,,,,,,,,,,,,,,,,,,,,,,,,,,,,,0.0,0.0,,,,-165.0,,,,,,
2017-01-22 08:40:00.000000000,,,,,2.0,2.0,-2.0199999809265137,0.9200000166893005,0.0046634674072265625,0.0,-0.12484607845544815,0.0,0.0,0.0,0.0,0.0,0.0,0.0,,,,,,,,,,,,,,,,,,,,,0.035,0.008,1.078,0.0,0.0,0.0,False,False,2.0,0.0,0.0,0.0,,,,-165.0,0.0,34.97381333333333,137.15400499999998,"[0.0, 0.0, 0.0, 0.0, 0.0, 0.0, 0.0, 0.0, 0.0]",0.0,"{'status': 0, 'service': 0}"
2017-01-22 08:40:00.019999980,,,,,,,,,,,,,,,,,,,,,,,,,,,,,,,,,,,,,,,,,,,,,,,,,0.0,1.0,,,,-165.0,,,,,,
2017-01-22 08:40:00.039999961,,,,,,,,,,,,,,,,,,,,,,,,,,,,,,,,,,,,,,,,,,,,,,,,,,3.0,,,,-165.0,,,,,,
2017-01-22 08:40:00.049999952,,,,,,,,,,,,,,,,,,,,,,,,,,,,,,,,,,,,,,,,,,,,,False,False,2.0,0.0,,,,,,,,,,,,
2017-01-22 08:40:00.059999942,,,,,,,,,,,,,,,,,,,,,,,,,,,,,,,,,,,,,,,,,,,,,,,,,0.0,4.5,,,,-165.0,,,,,,
2017-01-22 08:40:00.079999923,,,,,2.0,2.0,-2.0199999809265137,0.9200000166893005,,,,,0.0,0.0,,,,,,,,,,,,,,,,,,,,,,,,,,,,,,,,,,,0.0,7.0,,,,-165.0,,,,,,
2017-01-22 08:40:00.099999904,,,,,,,,,0.004344940185546875,0.0,-0.12484607845544815,0.0,,,0.0,0.0,0.0,0.0,,,,,,,,,,,,,,,,,,,,,0.047,-0.02,1.062,0.0,0.0,0.0,False,False,2.0,0.0,0.0,,,,,-165.0,,,,,,
2017-01-22 08:40:00.119999885,,,,,,,,,,,,,,,,,,,,,,,,,,,,,,,,,,,,,,,,,,,,,,,,,0.0,9.5,2.0,,,-165.0,,,,,,
2017-01-22 08:40:00.140000104,,,,,,,,,,,,,,,,,,,,,,,,,,,,,,,,,,,,,,,,,,,,,,,,,0.0,12.0,,False,,-165.0,,,,,,
2017-01-22 08:40:00.150000095,,,,,,,,,,,,,,,,,,,,,,,,,,,,,,,,,,,,,,,,,,,,,False,False,2.0,0.0,,,,,,,,,,,,
2017-01-22 08:40:00.160000085,,,,,,,,,,,,,,,,,,,,,,,,,,,,,,,,,,,,,,,,,,,,,,,,,,13.5,,,,-165.0,,,,,,
2017-01-22 08:40:00.180000066,,,,,2.0,2.0,-2.0199999809265137,0.9200000166893005,0.0038776397705078125,0.0,-0.12484607845544815,0.0,0.0,0.0,0.0,0.0,0.0,0.0,,,,,,,,,,,,,,,,,,,,,,,,,,,,,,,0.0,14.5,,,,-165.0,,,,,,
2017-01-22 08:40:00.200000047,,,,,,,,,,,,,,,,,,,,,,,,,,,,,,,,,,,,,,,0.047,-0.039,1.074,0.0,0.0,0.0,False,False,2.0,0.0,0.0,15.0,,,,-165.0,,,,,,
2017-01-22 08:40:00.220000028,,,,,,,,,,,,,,,,,,,,,,,,,,,,,,,,,,,,,,,,,,,,,,,,,0.0,,,,,-165.0,,,,,,
2017-01-22 08:40:00.240000009,,,,,,,,,,,,,,,,,,,,,,,,,,,,,,,,,,,,,,,,,,,,,,,,,0.0,15.0,,,,-165.0,,,,,,
2017-01-22 08:40:00.250000000,,,,,,,,,,,,,,,,,,,,,,,,,,,,,,,,,,,,,,,,,,,,,False,False,2.0,0.0,,,,,,,,,,,,
2017-01-22 08:40:00.259999990,,,,,,,,,,,,,,,,,,,,,,,,,,,,,,,,,,,,,,,,,,,,,,,,,0.0,15.5,,,,-165.0,,,,,,
2017-01-22 08:40:00.279999971,,,,,2.0,2.0,-2.0399999618530273,0.9200000166893005,0.003082275390625,0.0,-0.12484607845544815,0.0,0.0,0.0,0.0,0.0,0.0,0.0,,,,,,,,,,,,,,,,,,,,,,,,,,,,,,,,15.5,,,,-165.0,,,,,,
2017-01-22 08:40:00.299999952,,,,,,,,,,,,,,,,,,,,,,,,,,,,,,,,,,,,,,,0.125,0.012,1.117,0.0,0.0,0.0,False,False,2.0,2.0,0.0,15.5,,,2.0,-165.0,,,,,,
2017-01-22 08:40:00.319999933,,,,,,,,,,,,,,,,,,,,,,,,,,,,,,,,,,,,,,,,,,,,,,,,,0.0,16.0,,,,-165.0,,,,,,
2017-01-22 08:40:00.339999914,,,,,,,,,,,,,,,,,,,,,,,,,,,,,,,,,,,,,,,,,,,,,,,,,0.0,16.5,,,,-165.0,,,,,,
2017-01-22 08:40:00.349999904,,,,,,,,,,,,,,,,,,,,,,,,,,,,,,,,,,,,,,,,,,,,,False,False,2.0,2.0,,,,,,,,,,,,
2017-01-22 08:40:00.359999895,,,,,2.0,2.0,-2.0399999618530273,0.9200000166893005,0.00252532958984375,0.0,-0.12484607845544815,0.0,0.0,0.0,0.0,0.0,0.0,0.0,,,,,,,,,,,,,,,,,,,,,,,,,,,,,,,0.0,,,,,-165.0,,,,,,
2017-01-22 08:40:00.380000114,,,,,,,,,,,,,,,,,,,,,,,,,,,,,,,,,,,,,,,,,,,,,,,,,0.0,16.5,,,,-165.0,,,,,,
2017-01-22 08:40:00.400000095,,,,,,,,,,,,,,,,,,,,,,,,,,,,,,,,,,,,,,,0.098,-0.055,1.031,0.0,0.0,0.0,False,False,1.0,2.0,,17.0,,,,-163.5,,,,,,
2017-01-22 08:40:00.420000076,,,,,,,,,,,,,,,,,,,,,,,,,,,,,,,,,,,,,,,,,,,,,,,,,0.0,17.0,,,,-163.5,,,,,,
2017-01-22 08:40:00.440000057,,,,,,,,,,,,,,,,,,,,,,,,,,,,,,,,,,,,,,,,,,,,,,,,,0.0,17.0,,False,,-163.5,,,,,,
2017-01-22 08:40:00.450000047,,,,,,,,,,,,,,,,,,,,,,,,,,,,,,,,,,,,,,,,,,,,,False,False,1.0,2.0,,,,,,,,,,,,
2017-01-22 08:40:00.460000038,,,,,2.0,2.0,-2.059999942779541,0.9200000166893005,0.0021648406982421875,0.0,-0.12484607845544815,0.0,0.0,0.0,0.0,0.0,0.0,0.0,,,,,,,,,,,,,,,,,,,,,,,,,,,,,,,0.0,17.5,,,,-163.5,,,,,,
2017-01-22 08:40:00.480000019,,,,,,,,,,,,,,,,,,,,,,,,,,,,,,,,,,,,,,,,,,,,,,,,,0.0,17.5,,,,-163.5,,,,,,
2017-01-22 08:40:00.500000000,,,,,,,,,,,,,,,,,,,,,,,,,,,,,,,,,,,,,,,0.086,-0.035,1.0,0.0,0.0,0.0,False,False,1.0,2.0,,,,,,-163.5,,,,,,
2017-01-22 08:40:00.519999980,,,,,,,,,,,,,,,,,,,,,,,,,,,,,,,,,,,,,,,,,,,,,,,,,0.0,17.5,,,,-163.5,,,,,,
2017-01-22 08:40:00.539999961,,,,,,,,,,,,,,,,,,,,,,,,,,,,,,,,,,,,,,,,,,,,,,,,,0.0,17.5,,,,-163.5,,,,,,
2017-01-22 08:40:00.549999952,,,,,,,,,,,,,,,,,,,,,,,,,,,,,,,,,,,,,,,,,,,,,False,False,1.0,2.0,,,,,,,,,,,,
2017-01-22 08:40:00.559999942,,,,,2.0,2.0,-2.059999942779541,0.9200000166893005,0.001827239990234375,0.0,-0.12484607845544815,0.0,0.0,0.0,0.0,0.0,0.0,0.0,,,,,,,,,,,,,,,,,,,,,,,,,,,,,,,0.0,17.5,,,,-163.5,,,,,,
2017-01-22 08:40:00.579999923,,,,,,,,,,,,,,,,,,,,,,,,,,,,,,,,,,,,,,,,,,,,,,,,,0.0,17.5,,,,-163.5,,,,,,
2017-01-22 08:40:00.599999904,,,,,,,,,,,,,,,,,,,,,,,,,,,,,,,,,,,,,,,0.082,-0.082,1.059,0.0,0.0,0.0,False,False,1.0,2.0,0.0,17.5,,,,-163.5,,,,,,
2017-01-22 08:40:00.619999885,,,,,,,,,,,,,,,,,,,,,,,,,,,,,,,,,,,,,,,,,,,,,,,,,,,,,,-163.5,,,,,,
2017-01-22 08:40:00.640000104,,,,,,,,,,,,,,,,,,,,,,,,,,,,,,,,,,,,,,,,,,,,,,,,,0.0,17.5,,,,-163.5,,,,,,
2017-01-22 08:40:00.650000095,,,,,,,,,,,,,,,,,,,,,,,,,,,,,,,,,,,,,,,,,,,,,False,False,1.0,0.0,,,,,,,,,,,,
2017-01-22 08:40:00.660000085,,,,,2.0,2.0,-2.0799999237060547,0.8999999761581421,0.00159454345703125,0.0,-0.12484607845544815,0.0,0.0,0.0,0.0,0.0,0.0,0.0,,,,,,,,,,,,,,,,,,,,,,,,,,,,,,,0.0,17.5,,,,-163.5,,,,,,
2017-01-22 08:40:00.680000066,,,,,,,,,,,,,,,,,,,,,,,,,,,,,,,,,,,,,,,,,,,,,,,,,0.0,17.5,,,,-163.5,,,,,,
2017-01-22 08:40:00.700000047,,,,,,,,,,,,,,,,,,,,,,,,,,,,,,,,,,,,,,,0.055,-0.07,1.016,0.0,0.0,0.0,False,False,2.0,0.0,0.0,17.5,,,,-163.5,,,,,,
2017-01-22 08:40:00.720000028,,,,,,,,,,,,,,,,,,,,,,,,,,,,,,,,,,,,,,,,,,,,,,,,,0.0,17.5,,,,-163.5,,,,,,
2017-01-22 08:40:00.740000009,,,,,2.0,2.0,-2.0999999046325684,0.8999999761581421,0.0014667510986328125,0.0,-0.12484607845544815,0.0,0.0,0.0,0.0,0.0,0.0,0.0,,,,,,,,,,,,,,,,,,,,,,,,,,,,,,,,17.5,,False,,-163.5,,,,,,
2017-01-22 08:40:00.750000000,,,,,,,,,,,,,,,,,,,,,,,,,,,,,,,,,,,,,,,,,,,,,False,False,2.0,0.0,,,,,,,,,,,,
2017-01-22 08:40:00.759999990,,,,,,,,,,,,,,,,,,,,,,,,,,,,,,,,,,,,,,,,,,,,,,,,,0.0,,,,,-163.5,,,,,,
2017-01-22 08:40:00.779999971,,,,,,,,,,,,,,,,,,,,,,,,,,,,,,,,,,,,,,,,,,,,,,,,,0.0,18.0,,,,-163.5,,,,,,
2017-01-22 08:40:00.799999952,,,,,,,,,,,,,,,,,,,,,,,,,,,,,,,,,,,,,,,0.09,-0.063,1.051,0.0,0.0,0.0,False,False,2.0,0.0,0.0,18.0,,,4.0,-163.5,,,,,,
2017-01-22 08:40:00.819999933,,,,,,,,,,,,,,,,,,,,,,,,,,,,,,,,,,,,,,,,,,,,,,,,,0.0,18.0,,,,-163.5,,,,,,
2017-01-22 08:40:00.839999914,,,,,2.0,2.0,-2.0999999046325684,0.8799999952316284,0.001483917236328125,0.0,-0.12484607845544815,0.0,0.0,0.0,0.0,0.0,0.0,0.0,,,,,,,,,,,,,,,,,,,,,,,,,,,,,,,0.0,18.0,,,,-163.5,,,,,,
2017-01-22 08:40:00.849999904,,,,,,,,,,,,,,,,,,,,,,,,,,,,,,,,,,,,,,,,,,,,,False,False,2.0,0.0,,,,,,,,,,,,
2017-01-22 08:40:00.859999895,,,,,,,,,,,,,,,,,,,,,,,,,,,,,,,,,,,,,,,,,,,,,,,,,,18.0,,,,-163.5,,,,,,
2017-01-22 08:40:00.880000114,,,,,,,,,,,,,,,,,,,,,,,,,,,,,,,,,,,,,,,,,,,,,,,,,0.0,,,,,-163.5,,,,,,
2017-01-22 08:40:00.900000095,,,,,,,,,,,,,,,,,,,,,,,,,,,,,,,,,,,,,,,0.082,-0.059,1.047,0.0,0.0,0.0,False,False,2.0,0.0,0.0,18.0,,,,-163.5,,,,,,
2017-01-22 08:40:00.920000076,,,,,2.0,2.0,-2.140000104904175,0.8799999952316284,0.001682281494140625,0.0,-0.12484607845544815,0.0,0.0,0.0,0.0,0.0,0.0,0.0,,,,,,,,,,,,,,,,,,,,,,,,,,,,,,,0.0,18.0,,,,-163.5,,,,,,
2017-01-22 08:40:00.940000057,,,,,,,,,,,,,,,,,,,,,,,,,,,,,,,,,,,,,,,,,,,,,,,,,0.0,18.0,,,,-163.5,,,,,,
2017-01-22 08:40:00.950000047,,,,,,,,,,,,,,,,,,,,,,,,,,,,,,,,,,,,,,,,,,,,,False,False,2.0,0.0,,,,,,,,,,,,
2017-01-22 08:40:00.960000038,,,,,,,,,,,,,,,,,,,,,,,,,,,,,,,,,,,,,,,,,,,,,,,,,0.0,18.0,,,,-163.5,,,,,,
2017-01-22 08:40:00.980000019,,,,,,,,,,,,,,,,,,,,,,,,,,,,,,,,,,,,,,,,,,,,,,,,,,18.0,,,,-163.5,,,,,,
2017-01-22 08:40:01.000000000,,,,,,,,,,,,,,,,,,,,,,,,,,,,,,,,,,,,,,,0.125,0.008,0.969,0.0,0.0,0.0,False,False,2.0,2.0,0.0,18.0,,,,-163.5,0.0,34.973814999999995,137.15399333333335,"[0.0, 0.0, 0.0, 0.0, 0.0, 0.0, 0.0, 0.0, 0.0]",0.0,"{'status': 0, 'service': 0}"
2017-01-22 08:40:01.019999980,,,,,2.0,2.0,-2.1600000858306885,0.8600000143051147,0.001735687255859375,0.0,-0.12484607845544815,0.0,0.0,0.0,0.0,0.0,0.0,0.0,,,,,,,,,,,,,,,,,,,,,,,,,,,,,,,0.0,,,,,-163.5,,,,,,
2017-01-22 08:40:01.039999961,,,,,,,,,,,,,,,,,,,,,,,,,,,,,,,,,,,,,,,,,,,,,,,,,0.0,18.0,,False,,-163.5,,,,,,
2017-01-22 08:40:01.049999952,,,,,,,,,,,,,,,,,,,,,,,,,,,,,,,,,,,,,,,,,,,,,False,False,2.0,2.0,,,,,,,,,,,,
2017-01-22 08:40:01.059999942,,,,,,,,,,,,,,,,,,,,,,,,,,,,,,,,,,,,,,,,,,,,,,,,,0.0,18.0,,,,-163.5,,,,,,
2017-01-22 08:40:01.069999933,1.0,-9.100000381469727,2.0999999046325684,-7.5,,,,,,,,,,,,,,,,,,,,,,,,,,,,,,,,,,,,,,,,,,,,,,,,,,,,,,,,
2017-01-22 08:40:01.079999923,,,,,,,,,,,,,,,,,,,,,,,,,,,,,,,,,,,,,,,,,,,,,,,,,0.0,18.5,,,,-163.5,,,,,,
2017-01-22 08:40:01.099999904,1.0,-8.399999618530273,-1.2999999523162842,-6.5,2.0,2.0,-2.180000066757202,0.8600000143051147,0.0016651153564453125,0.0,-0.12484607845544815,0.0,0.0,0.0,0.0,0.0,0.0,0.0,,,,,,,,,,,,,,,,,,,,,0.078,0.008,1.043,0.0,0.0,0.0,False,False,2.0,2.0,,18.5,,,,-163.5,,,,,,
2017-01-22 08:40:01.119999885,,,,,,,,,,,,,,,,,,,,,,,,,,,,,,,,,,,,,,,,,,,,,,,,,0.0,18.5,2.0,,,-163.5,,,,,,
2017-01-22 08:40:01.130000114,1.0,-8.5,-3.0,-4.699999809265137,,,,,,,,,,,,,,,,,,,,,,,,,,,,,,,,,,,,,,,,,,,,,,,,,,,,,,,,
2017-01-22 08:40:01.140000104,,,,,,,,,,,,,,,,,,,,,,,,,,,,,,,,,,,,,,,,,,,,,,,,,0.0,19.0,,,,-163.5,,,,,,
2017-01-22 08:40:01.150000095,,,,,,,,,,,,,,,,,,,,,,,,,,,,,,,,,,,,,,,,,,,,,False,False,2.0,2.0,,,,,,,,,,,,
2017-01-22 08:40:01.160000085,1.0,-8.399999618530273,-4.400000095367432,-2.200000047683716,,,,,,,,,,,,,,,,,,,,,,,,,,,,,,,,,,,,,,,,,,,,,0.0,,,,,-163.5,,,,,,
2017-01-22 08:40:01.180000066,,,,,2.0,2.0,-2.200000047683716,0.8399999737739563,0.001514434814453125,0.0,-0.12484607845544815,0.0,0.0,0.0,0.0,0.0,0.0,0.0,,,,,,,,,,,,,,,,,,,,,,,,,,,,,,,0.0,19.0,,,,-163.5,,,,,,
2017-01-22 08:40:01.200000047,1.0,-8.5,-5.099999904632568,0.30000001192092896,,,,,,,,,,,,,,,,,,,,,,,,,,,,,,,,,,,0.09,0.012,1.07,0.0,0.0,0.0,False,False,2.0,2.0,0.0,19.5,,,,-163.5,,,,,,
2017-01-22 08:40:01.220000028,,,,,,,,,,,,,,,,,,,,,,,,,,,,,,,,,,,,,,,,,,,,,,,,,,19.5,,,,-163.5,,,,,,
2017-01-22 08:40:01.230000019,1.0,-8.600000381469727,-6.099999904632568,1.600000023841858,,,,,,,,,,,,,,,,,,,,,,,,,,,,,,,,,,,,,,,,,,,,,,,,,,,,,,,,
2017-01-22 08:40:01.240000009,,,,,,,,,,,,,,,,,,,,,,,,,,,,,,,,,,,,,,,,,,,,,,,,,0.0,20.0,,,,-163.5,,,,,,
2017-01-22 08:40:01.250000000,,,,,,,,,,,,,,,,,,,,,,,,,,,,,,,,,,,,,,,,,,,,,False,False,2.0,2.0,,,,,,,,,,,,
2017-01-22 08:40:01.259999990,1.0,-8.399999618530273,-7.099999904632568,2.9000000953674316,2.0,2.0,-2.2200000286102295,0.8399999737739563,0.0013580322265625,0.0,-0.12484607845544815,0.0,0.0,0.0,0.0,0.0,0.0,0.0,,,,,,,,,,,,,,,,,,,,,,,,,,,,,,,0.0,20.0,,,,-163.5,,,,,,
2017-01-22 08:40:01.279999971,,,,,,,,,,,,,,,,,,,,,,,,,,,,,,,,,,,,,,,,,,,,,,,,,0.0,,,,,-163.5,,,,,,
2017-01-22 08:40:01.299999952,1.0,-8.399999618530273,-7.099999904632568,2.799999952316284,,,,,,,,,,,,,,,,,,,,,,,,,,,,,,,,,,,0.09,-0.012,0.961,0.0,0.0,0.0,False,False,2.0,2.0,0.0,20.5,,,6.0,-163.5,,,,,,
2017-01-22 08:40:01.319999933,,,,,,,,,,,,,,,,,,,,,,,,,,,,,,,,,,,,,,,,,,,,,,,,,0.0,20.5,,,,-163.5,,,,,,
2017-01-22 08:40:01.329999923,1.0,-10.399999618530273,-7.900000095367432,5.599999904632568,,,,,,,,,,,,,,,,,,,,,,,,,,,,,,,,,,,,,,,,,,,,,,,,,,,,,,,,
2017-01-22 08:40:01.339999914,,,,,,,,,,,,,,,,,,,,,,,,,,,,,,,,,,,,,,,,,,,,,,,,,,20.5,,False,,-163.5,,,,,,
2017-01-22 08:40:01.349999904,,,,,,,,,,,,,,,,,,,,,,,,,,,,,,,,,,,,,,,,,,,,,False,False,4.0,0.0,,,,,,,,,,,,
2017-01-22 08:40:01.359999895,1.0,-11.300000190734863,-8.5,9.600000381469727,2.0,2.0,-2.240000009536743,0.8199999928474426,0.0012722015380859375,0.0,-0.12484607845544815,0.0,0.0,0.0,0.0,0.0,0.0,0.0,,,,,,,,,,,,,,,,,,,,,,,,,,,,,,,0.0,21.0,,,,-163.5,,,,,,
2017-01-22 08:40:01.380000114,,,,,,,,,,,,,,,,,,,,,,,,,,,,,,,,,,,,,,,,,,,,,,,,,0.0,21.0,,,,-163.5,,,,,,
2017-01-22 08:40:01.400000095,1.0,-11.600000381469727,-8.300000190734863,10.199999809265137,,,,,,,,,,,,,,,,,,,,,,,,,,,,,,,,,,,0.098,-0.012,1.016,0.0,0.0,0.0,False,False,4.0,0.0,0.0,21.0,,,,-163.5,,,,,,
2017-01-22 08:40:01.420000076,,,,,,,,,,,,,,,,,,,,,,,,,,,,,,,,,,,,,,,,,,,,,,,,,0.0,,,,,-163.5,,,,,,
2017-01-22 08:40:01.430000066,1.0,-11.300000190734863,-8.0,7.199999809265137,,,,,,,,,,,,,,,,,,,,,,,,,,,,,,,,,,,,,,,,,,,,,,,,,,,,,,,,
2017-01-22 08:40:01.440000057,,,,,2.0,2.0,-2.299999952316284,0.7799999713897705,0.001338958740234375,0.0,-0.12484607845544815,0.0,0.0,0.0,0.0,0.0,0.0,0.0,,,,,,,,,,,,,,,,,,,,,,,,,,,,,,,,21.0,,,,-165.0,,,,,,
2017-01-22 08:40:01.450000047,,,,,,,,,,,,,,,,,,,,,,,,,,,,,,,,,,,,,,,,,,,,,False,False,4.0,0.0,,,,,,,,,,,,
2017-01-22 08:40:01.460000038,1.0,-11.699999809265137,-8.0,8.399999618530273,,,,,,,,,,,,,,,,,,,,,,,,,,,,,,,,,,,,,,,,,,,,,0.0,21.0,,,,-166.5,,,,,,
2017-01-22 08:40:01.480000019,,,,,,,,,,,,,,,,,,,,,,,,,,,,,,,,,,,,,,,,,,,,,,,,,0.0,21.5,,,,-166.5,,,,,,
2017-01-22 08:40:01.490000009,1.0,-11.699999809265137,-7.400000095367432,6.800000190734863,,,,,,,,,,,,,,,,,,,,,,,,,,,,,,,,,,,,,,,,,,,,,,,,,,,,,,,,
2017-01-22 08:40:01.500000000,,,,,,,,,,,,,,,,,,,,,,,,,,,,,,,,,,,,,,,0.109,-0.035,1.031,0.0,0.0,0.0,False,False,4.0,0.0,0.0,22.0,,,,-168.0,,,,,,
2017-01-22 08:40:01.519999980,,,,,2.0,2.0,-2.319999933242798,0.7799999713897705,0.001495361328125,0.0,-0.12484607845544815,0.0,0.0,0.0,0.0,0.0,0.0,0.0,,,,,,,,,,,,,,,,,,,,,,,,,,,,,,,0.0,22.5,,,,-169.5,,,,,,
2017-01-22 08:40:01.529999971,1.0,-12.0,-8.0,7.5,,,,,,,,,,,,,,,,,,,,,,,,,,,,,,,,,,,,,,,,,,,,,,,,,,,,,,,,
2017-01-22 08:40:01.539999961,,,,,,,,,,,,,,,,,,,,,,,,,,,,,,,,,,,,,,,,,,,,,,,,,0.0,,,,,-171.0,,,,,,
2017-01-22 08:40:01.549999952,,,,,,,,,,,,,,,,,,,,,,,,,,,,,,,,,,,,,,,,,,,,,False,False,5.0,0.0,,,,,,,,,,,,
2017-01-22 08:40:01.559999942,1.0,-11.699999809265137,-7.900000095367432,4.800000190734863,,,,,,,,,,,,,,,,,,,,,,,,,,,,,,,,,,,,,,,,,,,,,,23.0,,,,-172.5,,,,,,
2017-01-22 08:40:01.579999923,,,,,,,,,,,,,,,,,,,,,,,,,,,,,,,,,,,,,,,,,,,,,,,,,0.0,23.5,,,,-175.5,,,,,,
2017-01-22 08:40:01.589999914,1.0,-12.600000381469727,-7.300000190734863,8.100000381469727,,,,,,,,,,,,,,,,,,,,,,,,,,,,,,,,,,,,,,,,,,,,,,,,,,,,,,,,
2017-01-22 08:40:01.599999904,,,,,,,,,,,,,,,,,,,,,,,,,,,,,,,,,,,,,,,0.07,-0.059,0.984,0.0,0.0,0.0,False,False,5.0,0.0,0.0,24.5,,,,-175.5,,,,,,
2017-01-22 08:40:01.619999885,,,,,2.0,2.0,-2.359999895095825,0.7599999904632568,0.0015621185302734375,0.0,-0.12484607845544815,0.0,0.0,0.0,0.0,0.0,0.0,0.0,,,,,,,,,,,,,,,,,,,,,,,,,,,,,,,0.0,25.0,,,,-178.5,,,,,,
2017-01-22 08:40:01.630000114,1.0,-12.199999809265137,-8.0,6.800000190734863,,,,,,,,,,,,,,,,,,,,,,,,,,,,,,,,,,,,,,,,,,,,,,,,,,,,,,,,
2017-01-22 08:40:01.640000104,,,,,,,,,,,,,,,,,,,,,,,,,,,,,,,,,,,,,,,,,,,,,,,,,0.0,25.5,,False,,-181.5,,,,,,
2017-01-22 08:40:01.650000095,,,,,,,,,,,,,,,,,,,,,,,,,,,,,,,,,,,,,,,,,,,,,False,False,5.0,0.0,,,,,,,,,,,,
2017-01-22 08:40:01.660000085,1.0,-11.899999618530273,-7.900000095367432,4.300000190734863,,,,,,,,,,,,,,,,,,,,,,,,,,,,,,,,,,,,,,,,,,,,,0.0,26.5,,,,-183.0,,,,,,
2017-01-22 08:40:01.680000066,,,,,,,,,,,,,,,,,,,,,,,,,,,,,,,,,,,,,,,,,,,,,,,,,,,,,,-187.5,,,,,,
2017-01-22 08:40:01.690000057,1.0,-12.5,-7.099999904632568,5.900000095367432,,,,,,,,,,,,,,,,,,,,,,,,,,,,,,,,,,,,,,,,,,,,,,,,,,,,,,,,
2017-01-22 08:40:01.700000047,,,,,2.0,2.0,-2.4000000953674316,0.7400000095367432,0.001605987548828125,0.0,-0.12484607845544815,0.0,0.0,0.0,0.0,0.0,0.0,0.0,,,,,,,,,,,,,,,,,,,,,0.133,-0.004,1.027,0.0,0.0,0.0,False,False,4.0,2.0,0.0,27.0,,,,-189.0,,,,,,
2017-01-22 08:40:01.720000028,,,,,,,,,,,,,,,,,,,,,,,,,,,,,,,,,,,,,,,,,,,,,,,,,0.0,27.5,,,,-193.5,,,,,,
2017-01-22 08:40:01.730000019,1.0,-13.600000381469727,-6.900000095367432,5.5,,,,,,,,,,,,,,,,,,,,,,,,,,,,,,,,,,,,,,,,,,,,,,,,,,,,,,,,
2017-01-22 08:40:01.740000009,,,,,,,,,,,,,,,,,,,,,,,,,,,,,,,,,,,,,,,,,,,,,,,,,0.0,28.0,,,,-199.5,,,,,,
2017-01-22 08:40:01.750000000,,,,,,,,,,,,,,,,,,,,,,,,,,,,,,,,,,,,,,,,,,,,,False,False,4.0,2.0,,,,,,,,,,,,
2017-01-22 08:40:01.759999990,1.0,-20.0,-7.300000190734863,-2.0999999046325684,,,,,,,,,,,,,,,,,,,,,,,,,,,,,,,,,,,,,,,,,,,,,0.0,28.5,,,,-205.5,,,,,,
2017-01-22 08:40:01.779999971,,,,,,,,,,,,,,,,,,,,,,,,,,,,,,,,,,,,,,,,,,,,,,,,,0.0,29.0,,,,-208.5,,,,,,
2017-01-22 08:40:01.789999961,1.0,-20.5,-4.800000190734863,12.399999618530273,,,,,,,,,,,,,,,,,,,,,,,,,,,,,,,,,,,,,,,,,,,,,,,,,,,,,,,,
2017-01-22 08:40:01.799999952,,,,,2.0,2.0,-2.440000057220459,0.7200000286102295,0.00156402587890625,0.0,-0.12484607845544815,0.0,0.0,0.0,0.0,0.0,0.0,0.0,,,,,,,,,,,,,,,,,,,,,0.109,0.035,1.055,0.0,0.0,0.0,False,False,5.0,2.0,,30.0,,,7.0,-217.5,,,,,,
2017-01-22 08:40:01.819999933,,,,,,,,,,,,,,,,,,,,,,,,,,,,,,,,,,,,,,,,,,,,,,,,,0.0,,,,,-220.5,,,,,,
2017-01-22 08:40:01.829999923,,-20.5,-4.800000190734863,12.399999618530273,,,,,,,,,,,,,,,,,,,,,,,,,,,,,,,,,,,,,,,,,,,,,,,,,,,,,,,,
2017-01-22 08:40:01.839999914,,,,,,,,,,,,,,,,,,,,,,,,,,,,,,,,,,,,,,,,,,,,,,,,,0.0,30.5,,,,-229.5,,,,,,
2017-01-22 08:40:01.849999904,,,,,,,,,,,,,,,,,,,,,,,,,,,,,,,,,,,,,,,,,,,,,False,False,5.0,2.0,,,,,,,,,,,,
2017-01-22 08:40:01.859999895,,-20.5,-4.800000190734863,12.399999618530273,,,,,,,,,,,,,,,,,,,,,,,,,,,,,,,,,,,,,,,,,,,,,0.0,31.0,,,,-238.5,,,,,,
2017-01-22 08:40:01.880000114,,,,,2.0,2.0,-2.4800000190734863,0.6800000071525574,0.00144195556640625,0.0,-0.12484607845544815,0.0,0.0,0.0,0.0,0.0,0.0,0.0,,,,,,,,,,,,,,,,,,,,,,,,,,,,,,,0.0,32.0,,,,-243.0,,,,,,
2017-01-22 08:40:01.900000095,,,,,,,,,,,,,,,,,,,,,,,,,,,,,,,,,,,,,,,0.129,0.004,1.043,0.0,0.0,0.0,False,False,5.0,2.0,0.0,32.5,,,,-250.5,,,,,,
2017-01-22 08:40:01.920000076,,,,,,,,,,,,,,,,,,,,,,,,,,,,,,,,,,,,,,,,,,,,,,,,,,33.0,,,,-258.0,,,,,,
2017-01-22 08:40:01.940000057,,,,,,,,,,,,,,,,,,,,,,,,,,,,,,,,,,,,,,,,,,,,,,,,,0.0,,,False,,-261.0,,,,,,
2017-01-22 08:40:01.950000047,,,,,,,,,,,,,,,,,,,,,,,,,,,,,,,,,,,,,,,,,,,,,False,False,7.0,2.0,,,,,,,,,,,,
2017-01-22 08:40:01.960000038,,,,,2.0,2.0,-2.559999942779541,0.6399999856948853,0.001262664794921875,0.0,-0.12484607845544815,0.0,0.0,0.0,0.0,0.0,0.0,0.0,,,,,,,,,,,,,,,,,,,,,,,,,,,,,,,0.0,33.5,,,,-268.5,,,,,,
2017-01-22 08:40:01.980000019,,,,,,,,,,,,,,,,,,,,,,,,,,,,,,,,,,,,,,,,,,,,,,,,,0.0,34.0,,,,-276.0,,,,,,
2017-01-22 08:40:02.000000000,,,,,,,,,,,,,,,,,,,,,,,,,,,,,,,,,,,,,,,0.16,0.004,1.047,0.0,0.0,0.0,False,False,7.0,2.0,0.0,34.5,,,,-279.0,0.0,34.97382166666666,137.15397666666667,"[0.0, 0.0, 0.0, 0.0, 0.0, 0.0, 0.0, 0.0, 0.0]",0.0,"{'status': 0, 'service': 0}"
2017-01-22 08:40:02.019999980,,,,,,,,,,,,,,,,,,,,,,,,,,,,,,,,,,,,,,,,,,,,,,,,,0.0,34.5,,,,-285.0,,,,,,
2017-01-22 08:40:02.039999961,,,,,2.0,2.0,-2.619999885559082,0.6000000238418579,0.0010776519775390625,0.0,-0.12484607845544815,0.0,0.0,0.0,0.0,0.0,0.0,0.0,,,,,,,,,,,,,,,,,,,,,,,,,,,,,,,,35.0,,,,-291.0,,,,,,
2017-01-22 08:40:02.049999952,,,,,,,,,,,,,,,,,,,,,,,,,,,,,,,,,,,,,,,,,,,,,False,False,5.0,0.0,,,,,,,,,,,,
2017-01-22 08:40:02.059999942,,,,,,,,,,,,,,,,,,,,,,,,,,,,,,,,,,,,,,,,,,,,,,,,,0.0,35.5,,,,-292.5,,,,,,
2017-01-22 08:40:02.079999923,,,,,,,,,,,,,,,,,,,,,,,,,,,,,,,,,,,,,,,,,,,,,,,,,0.0,,,,,-298.5,,,,,,
2017-01-22 08:40:02.099999904,,,,,,,,,,,,,,,,,,,,,,,,,,,,,,,,,,,,,,,0.172,0.051,1.055,0.0,0.0,0.0,False,False,5.0,0.0,0.0,35.5,,,,-303.0,,,,,,
2017-01-22 08:40:02.119999885,,,,,2.0,2.0,-2.680000066757202,0.5600000023841858,0.0008335113525390625,0.0,-0.12484607845544815,0.0,0.0,0.0,0.0,0.0,0.0,0.0,,,,,,,,,,,,,,,,,,,,,,,,,,,,,,,0.0,36.0,2.0,,,-306.0,,,,,,
2017-01-22 08:40:02.140000104,,,,,,,,,,,,,,,,,,,,,,,,,,,,,,,,,,,,,,,,,,,,,,,,,0.0,36.0,,,,-310.5,,,,,,
2017-01-22 08:40:02.150000095,,,,,,,,,,,,,,,,,,,,,,,,,,,,,,,,,,,,,,,,,,,,,False,False,7.0,0.0,,,,,,,,,,,,
2017-01-22 08:40:02.160000085,,,,,,,,,,,,,,,,,,,,,,,,,,,,,,,,,,,,,,,,,,,,,,,,,,36.0,,,,-315.0,,,,,,
2017-01-22 08:40:02.180000066,,,,,,,,,,,,,,,,,,,,,,,,,,,,,,,,,,,,,,,,,,,,,,,,,0.0,36.0,,,,-316.5,,,,,,
2017-01-22 08:40:02.200000047,,,,,2.0,2.0,-2.740000009536743,0.5199999809265137,0.0004558563232421875,0.0,-0.12484607845544815,0.0,0.0,0.0,0.0,0.0,0.0,0.0,,,,,,,,,,,,,,,,,,,,,0.141,0.105,1.062,0.0,0.0,0.0,False,False,7.0,0.0,0.0,36.0,,,,-321.0,,,,,,
2017-01-22 08:40:02.220000028,,,,,,,,,,,,,,,,,,,,,,,,,,,,,,,,,,,,,,,,,,,,,,,,,0.0,,,,,-325.5,,,,,,
2017-01-22 08:40:02.240000009,,,,,,,,,,,,,,,,,,,,,,,,,,,,,,,,,,,,,,,,,,,,,,,,,0.0,36.5,,False,,-328.5,,,,,,
2017-01-22 08:40:02.250000000,,,,,,,,,,,,,,,,,,,,,,,,,,,,,,,,,,,,,,,,,,,,,False,False,7.0,0.0,,,,,,,,,,,,
2017-01-22 08:40:02.259999990,,,,,,,,,,,,,,,,,,,,,,,,,,,,,,,,,,,,,,,,,,,,,,,,,,36.5,,,,-331.5,,,,,,
2017-01-22 08:40:02.279999971,,,,,,,,,,,,,,,,,,,,,,,,,,,,,,,,,,,,,,,,,,,,,,,,,0.0,36.5,,,,-336.0,,,,,,
2017-01-22 08:40:02.299999952,1.0,-17.399999618530273,2.4000000953674316,-21.5,2.0,2.0,-2.799999952316284,0.47999998927116394,0.0001125335693359375,0.0,-0.12484607845544815,0.0,0.0,0.0,0.0,0.0,0.0,0.0,,,,,,,,,,,,,,,,,,,,,0.086,0.121,1.008,0.0,0.0,0.0,False,False,8.0,0.0,0.0,36.0,,,10.0,-339.0,,,,,,
2017-01-22 08:40:02.319999933,,,,,,,,,,,,,,,,,,,,,,,,,,,,,,,,,,,,,,,,,,,,,,,,,0.0,36.0,,,,-342.0,,,,,,
2017-01-22 08:40:02.329999923,1.0,-19.0,0.6000000238418579,-16.200000762939453,,,,,,,,,,,,,,,,,,,,,,,,,,,,,,,,,,,,,,,,,,,,,,,,,,,,,,,,
2017-01-22 08:40:02.339999914,,,,,,,,,,,,,,,,,,,,,,,,,,,,,,,,,,,,,,,,,,,,,,,,,0.0,,,,,-345.0,,,,,,
2017-01-22 08:40:02.349999904,,,,,,,,,,,,,,,,,,,,,,,,,,,,,,,,,,,,,,,,,,,,,False,False,7.0,0.0,,,,,,,,,,,,
2017-01-22 08:40:02.359999895,1.0,-23.399999618530273,-0.30000001192092896,1.899999976158142,,,,,,,,,,,,,,,,,,,,,,,,,,,,,,,,,,,,,,,,,,,,,0.0,36.0,,,,-346.5,,,,,,
2017-01-22 08:40:02.380000114,,,,,2.0,2.0,-2.859999895095825,0.4399999976158142,-0.000293731689453125,0.0,-0.12484607845544815,0.0,0.0,0.0,0.0,0.0,0.0,0.0,,,,,,,,,,,,,,,,,,,,,,,,,,,,,,,,36.0,,,,-349.5,,,,,,
2017-01-22 08:40:02.400000095,1.0,-17.700000762939453,-2.5,20.700000762939453,,,,,,,,,,,,,,,,,,,,,,,,,,,,,,,,,,,0.152,0.035,1.027,0.0,0.0,0.0,False,False,8.0,2.0,0.0,36.0,,,,-351.0,,,,,,
2017-01-22 08:40:02.420000076,,,,,,,,,,,,,,,,,,,,,,,,,,,,,,,,,,,,,,,,,,,,,,,,,0.0,36.0,,,,-351.0,,,,,,
2017-01-22 08:40:02.430000066,1.0,-14.899999618530273,-2.799999952316284,32.70000076293945,,,,,,,,,,,,,,,,,,,,,,,,,,,,,,,,,,,,,,,,,,,,,,,,,,,,,,,,
2017-01-22 08:40:02.440000057,,,,,,,,,,,,,,,,,,,,,,,,,,,,,,,,,,,,,,,,,,,,,,,,,0.0,36.0,,,,-352.5,,,,,,
2017-01-22 08:40:02.450000047,,,,,,,,,,,,,,,,,,,,,,,,,,,,,,,,,,,,,,,,,,,,,False,False,8.0,2.0,,,,,,,,,,,,
2017-01-22 08:40:02.460000038,1.0,-14.899999618530273,-4.0,35.70000076293945,2.0,2.0,-2.940000057220459,0.3799999952316284,-0.0007877349853515625,0.0,-0.12484607845544815,0.0,0.0,0.0,0.0,0.0,0.0,0.0,,,,,,,,,,,,,,,,,,,,,,,,,,,,,,,0.0,36.0,,,,-352.5,,,,,,
2017-01-22 08:40:02.480000019,,,,,,,,,,,,,,,,,,,,,,,,,,,,,,,,,,,,,,,,,,,,,,,,,0.0,,,,,-352.5,,,,,,
2017-01-22 08:40:02.490000009,1.0,-15.0,-4.099999904632568,38.0,,,,,,,,,,,,,,,,,,,,,,,,,,,,,,,,,,,,,,,,,,,,,,,,,,,,,,,,
2017-01-22 08:40:02.500000000,,,,,,,,,,,,,,,,,,,,,,,,,,,,,,,,,,,,,,,0.137,0.062,0.984,0.0,0.0,0.0,False,False,8.0,2.0,,36.0,,,,-352.5,,,,,,
2017-01-22 08:40:02.519999980,,,,,,,,,,,,,,,,,,,,,,,,,,,,,,,,,,,,,,,,,,,,,,,,,0.0,36.0,,,,-352.5,,,,,,
2017-01-22 08:40:02.529999971,1.0,-14.899999618530273,-4.300000190734863,38.20000076293945,,,,,,,,,,,,,,,,,,,,,,,,,,,,,,,,,,,,,,,,,,,,,,,,,,,,,,,,
2017-01-22 08:40:02.539999961,,,,,2.0,2.0,-3.0399999618530273,0.3199999928474426,-0.001216888427734375,0.0,-0.12484607845544815,0.0,0.0,0.0,0.0,0.0,0.0,0.0,,,,,,,,,,,,,,,,,,,,,,,,,,,,,,,0.0,36.0,,False,,-352.5,,,,,,
2017-01-22 08:40:02.549999952,,,,,,,,,,,,,,,,,,,,,,,,,,,,,,,,,,,,,,,,,,,,,False,False,8.0,2.0,,,,,,,,,,,,
2017-01-22 08:40:02.559999942,1.0,-15.0,-4.800000190734863,38.70000076293945,,,,,,,,,,,,,,,,,,,,,,,,,,,,,,,,,,,,,,,,,,,,,0.0,36.0,,,,-352.5,,,,,,
2017-01-22 08:40:02.579999923,,,,,,,,,,,,,,,,,,,,,,,,,,,,,,,,,,,,,,,,,,,,,,,,,0.0,36.0,,,,-352.5,,,,,,
2017-01-22 08:40:02.589999914,1.0,-15.199999809265137,-4.599999904632568,39.70000076293945,,,,,,,,,,,,,,,,,,,,,,,,,,,,,,,,,,,,,,,,,,,,,,,,,,,,,,,,
2017-01-22 08:40:02.599999904,,,,,,,,,,,,,,,,,,,,,,,,,,,,,,,,,,,,,,,0.172,0.055,1.027,0.0,0.0,0.0,False,False,8.0,2.0,0.0,,,,,-352.5,,,,,,
2017-01-22 08:40:02.619999885,,,,,2.0,2.0,-3.140000104904175,0.23999999463558197,-0.001556396484375,0.0,-0.12484607845544815,0.0,0.0,0.0,0.0,0.0,0.0,0.0,,,,,,,,,,,,,,,,,,,,,,,,,,,,,,,,35.5,,,,-352.5,,,,,,
2017-01-22 08:40:02.630000114,1.0,-15.800000190734863,-4.099999904632568,40.599998474121094,,,,,,,,,,,,,,,,,,,,,,,,,,,,,,,,,,,,,,,,,,,,,,,,,,,,,,,,
2017-01-22 08:40:02.640000104,,,,,,,,,,,,,,,,,,,,,,,,,,,,,,,,,,,,,,,,,,,,,,,,,0.0,35.5,,,,-352.5,,,,,,
2017-01-22 08:40:02.650000095,,,,,,,,,,,,,,,,,,,,,,,,,,,,,,,,,,,,,,,,,,,,,False,False,8.0,2.0,,,,,,,,,,,,
2017-01-22 08:40:02.660000085,1.0,-15.399999618530273,-3.9000000953674316,40.599998474121094,,,,,,,,,,,,,,,,,,,,,,,,,,,,,,,,,,,,,,,,,,,,,0.0,35.5,,,,-352.5,,,,,,
2017-01-22 08:40:02.680000066,,,,,,,,,,,,,,,,,,,,,,,,,,,,,,,,,,,,,,,,,,,,,,,,,0.0,35.5,,,,-352.5,,,,,,
2017-01-22 08:40:02.690000057,1.0,-15.399999618530273,-4.0,40.599998474121094,,,,,,,,,,,,,,,,,,,,,,,,,,,,,,,,,,,,,,,,,,,,,,,,,,,,,,,,
2017-01-22 08:40:02.700000047,,,,,2.0,2.0,-3.359999895095825,0.07999999821186066,-0.0009670257568359375,0.0,-0.12484607845544815,0.0,0.0,0.0,0.0,0.0,0.0,0.0,,,,,,,,,,,,,,,,,,,,,0.16,0.035,0.937,0.0,0.0,0.0,False,False,9.0,2.0,0.0,35.5,,,,-352.5,,,,,,
2017-01-22 08:40:02.720000028,,,,,,,,,,,,,,,,,,,,,,,,,,,,,,,,,,,,,,,,,,,,,,,,,0.0,35.5,,,,-352.5,,,,,,
2017-01-22 08:40:02.730000019,1.0,-15.399999618530273,-3.9000000953674316,40.599998474121094,,,,,,,,,,,,,,,,,,,,,,,,,,,,,,,,,,,,,,,,,,,,,,,,,,,,,,,,
2017-01-22 08:40:02.740000009,,,,,,,,,,,,,,,,,,,,,,,,,,,,,,,,,,,,,,,,,,,,,,,,,,,,,,-352.5,,,,,,
2017-01-22 08:40:02.750000000,,,,,,,,,,,,,,,,,,,,,,,,,,,,,,,,,,,,,,,,,,,,,False,False,9.0,0.0,,,,,,,,,,,,
2017-01-22 08:40:02.759999990,1.0,-15.0,-4.099999904632568,39.70000076293945,,,,,,,,,,,,,,,,,,,,,,,,,,,,,,,,,,,,,,,,,,,,,0.0,36.0,,,,-352.5,,,,,,
2017-01-22 08:40:02.779999971,,,,,2.0,2.0,-3.4800000190734863,0.0,-0.00156402587890625,0.0,-0.12484607845544815,0.0,0.0,0.0,0.0,0.0,0.0,0.0,,,,,,,,,,,,,,,,,,,,,,,,,,,,,,,0.0,36.0,,,,-352.5,,,,,,
2017-01-22 08:40:02.789999961,1.0,-14.600000381469727,-4.300000190734863,38.900001525878906,,,,,,,,,,,,,,,,,,,,,,,,,,,,,,,,,,,,,,,,,,,,,,,,,,,,,,,,
2017-01-22 08:40:02.799999952,,,,,,,,,,,,,,,,,,,,,,,,,,,,,,,,,,,,,,,0.203,0.156,1.141,0.0,0.0,0.0,False,False,9.0,0.0,0.0,36.0,,,12.0,-352.5,,,,,,
2017-01-22 08:40:02.819999933,,,,,,,,,,,,,,,,,,,,,,,,,,,,,,,,,,,,,,,,,,,,,,,,,0.0,36.0,,,,-352.5,,,,,,
2017-01-22 08:40:02.829999923,1.0,-14.199999809265137,-4.400000095367432,38.0,,,,,,,,,,,,,,,,,,,,,,,,,,,,,,,,,,,,,,,,,,,,,,,,,,,,,,,,
2017-01-22 08:40:02.839999914,,,,,,,,,,,,,,,,,,,,,,,,,,,,,,,,,,,,,,,,,,,,,,,,,0.0,36.0,,False,,-352.5,,,,,,
2017-01-22 08:40:02.849999904,,,,,,,,,,,,,,,,,,,,,,,,,,,,,,,,,,,,,,,,,,,,,False,False,9.0,0.0,,,,,,,,,,,,
2017-01-22 08:40:02.859999895,1.0,-15.300000190734863,-3.799999952316284,35.20000076293945,2.0,2.0,-3.619999885559082,-0.10000000149011612,-0.0015354156494140625,0.0,-0.12484607845544815,0.0,0.0,0.0,0.0,0.0,0.0,0.0,,,,,,,,,,,,,,,,,,,,,,,,,,,,,,,,36.0,,,,-352.5,,,,,,
2017-01-22 08:40:02.880000114,,,,,,,,,,,,,,,,,,,,,,,,,,,,,,,,,,,,,,,,,,,,,,,,,0.0,,,,,-352.5,,,,,,
2017-01-22 08:40:02.890000104,1.0,-3.799999952316284,0.5,18.5,,,,,,,,,,,,,,,,,,,,,,,,,,,,,,,,,,,,,,,,,,,,,,,,,,,,,,,,
2017-01-22 08:40:02.900000095,,,,,,,,,,,,,,,,,,,,,,,,,,,,,,,,,,,,,,,0.18,0.086,1.031,0.0,0.0,0.0,False,False,11.0,0.0,0.0,36.0,,,,-351.0,,,,,,
2017-01-22 08:40:02.920000076,1.0,-11.399999618530273,4.0,6.099999904632568,,,,,,,,,,,,,,,,,,,,,,,,,,,,,,,,,,,,,,,,,,,,,0.0,36.0,,,,-349.5,,,,,,
2017-01-22 08:40:02.940000057,,,,,2.0,2.0,-3.759999990463257,-0.2199999988079071,-0.0011615753173828125,0.0,-0.12484607845544815,0.0,0.0,0.0,0.0,0.0,0.0,0.0,,,,,,,,,,,,,,,,,,,,,,,,,,,,,,,0.0,36.0,,,,-349.5,,,,,,
2017-01-22 08:40:02.950000047,,,,,,,,,,,,,,,,,,,,,,,,,,,,,,,,,,,,,,,,,,,,,False,False,9.0,0.0,,,,,,,,,,,,
2017-01-22 08:40:02.960000038,1.0,-13.100000381469727,0.6000000238418579,3.200000047683716,,,,,,,,,,,,,,,,,,,,,,,,,,,,,,,,,,,,,,,,,,,,,0.0,36.0,,,,-348.0,,,,,,
2017-01-22 08:40:02.980000019,,,,,,,,,,,,,,,,,,,,,,,,,,,,,,,,,,,,,,,,,,,,,,,,,,36.0,,,,-346.5,,,,,,
2017-01-22 08:40:03.000000000,1.0,-14.699999809265137,-1.2999999523162842,-1.2999999523162842,,,,,,,,,,,,,,,,,,,,,,,,,,,,,,,,,,,0.16,0.105,1.094,0.0,0.0,0.0,False,False,11.0,0.0,0.0,,,,,-346.5,0.0,34.97382833333333,137.15396166666667,"[0.0, 0.0, 0.0, 0.0, 0.0, 0.0, 0.0, 0.0, 0.0]",0.0,"{'status': 0, 'service': 0}"
2017-01-22 08:40:03.019999980,,,,,2.0,2.0,-3.9200000762939453,-0.3400000035762787,-0.000759124755859375,0.0,-0.12484607845544815,0.0,0.0,0.0,0.0,0.0,0.0,0.0,,,,,,,,,,,,,,,,,,,,,,,,,,,,,,,0.0,36.0,,,,-343.5,,,,,,
2017-01-22 08:40:03.029999971,1.0,-16.0,-1.899999976158142,-6.699999809265137,,,,,,,,,,,,,,,,,,,,,,,,,,,,,,,,,,,,,,,,,,,,,,,,,,,,,,,,
2017-01-22 08:40:03.039999961,,,,,,,,,,,,,,,,,,,,,,,,,,,,,,,,,,,,,,,,,,,,,,,,,0.0,36.0,,,,-342.0,,,,,,
2017-01-22 08:40:03.049999952,,,,,,,,,,,,,,,,,,,,,,,,,,,,,,,,,,,,,,,,,,,,,False,False,11.0,0.0,,,,,,,,,,,,
2017-01-22 08:40:03.059999942,,,,,,,,,,,,,,,,,,,,,,,,,,,,,,,,,,,,,,,,,,,,,,,,,0.0,36.0,,,,-340.5,,,,,,
2017-01-22 08:40:03.069999933,1.0,-13.899999618530273,-1.899999976158142,-14.100000381469727,,,,,,,,,,,,,,,,,,,,,,,,,,,,,,,,,,,,,,,,,,,,,,,,,,,,,,,,
2017-01-22 08:40:03.079999923,,,,,,,,,,,,,,,,,,,,,,,,,,,,,,,,,,,,,,,,,,,,,,,,,0.0,36.0,,,,-339.0,,,,,,
2017-01-22 08:40:03.099999904,1.0,-13.5,-1.5,-19.399999618530273,2.0,2.0,-4.079999923706055,-0.47999998927116394,-0.0001735687255859375,0.0,-0.12484607845544815,0.0,0.0,0.0,0.0,0.0,0.0,0.0,,,,,,,,,,,,,,,,,,,,,0.109,0.219,1.039,0.0,0.0,0.0,False,False,12.0,2.0,,36.0,,,,-336.0,,,,,,
2017-01-22 08:40:03.119999885,,,,,,,,,,,,,,,,,,,,,,,,,,,,,,,,,,,,,,,,,,,,,,,,,0.0,36.0,2.0,,,-336.0,,,,,,
2017-01-22 08:40:03.130000114,1.0,-13.699999809265137,-0.800000011920929,-24.899999618530273,,,,,,,,,,,,,,,,,,,,,,,,,,,,,,,,,,,,,,,,,,,,,,,,,,,,,,,,
2017-01-22 08:40:03.140000104,,,,,,,,,,,,,,,,,,,,,,,,,,,,,,,,,,,,,,,,,,,,,,,,,0.0,,,False,,-333.0,,,,,,
2017-01-22 08:40:03.150000095,,,,,,,,,,,,,,,,,,,,,,,,,,,,,,,,,,,,,,,,,,,,,False,False,11.0,2.0,,,,,,,,,,,,
2017-01-22 08:40:03.160000085,1.0,-12.699999809265137,0.10000000149011612,-28.899999618530273,,,,,,,,,,,,,,,,,,,,,,,,,,,,,,,,,,,,,,,,,,,,,0.0,36.0,,,,-331.5,,,,,,
2017-01-22 08:40:03.180000066,,,,,2.0,2.0,-4.260000228881836,-0.6200000047683716,0.0006237030029296875,0.0,-0.12484607845544815,0.0,0.0,0.0,0.0,0.0,0.0,0.0,,,,,,,,,,,,,,,,,,,,,,,,,,,,,,,0.0,36.0,,,,-330.0,,,,,,
2017-01-22 08:40:03.200000047,1.0,-12.600000381469727,0.6000000238418579,-32.0,,,,,,,,,,,,,,,,,,,,,,,,,,,,,,,,,,,0.117,0.113,0.984,0.0,0.0,0.0,False,False,11.0,2.0,,36.0,,,,-328.5,,,,,,
2017-01-22 08:40:03.220000028,,,,,,,,,,,,,,,,,,,,,,,,,,,,,,,,,,,,,,,,,,,,,,,,,0.0,36.0,,,,-327.0,,,,,,
2017-01-22 08:40:03.230000019,1.0,-12.800000190734863,1.0,-34.599998474121094,,,,,,,,,,,,,,,,,,,,,,,,,,,,,,,,,,,,,,,,,,,,,,,,,,,,,,,,
2017-01-22 08:40:03.240000009,,,,,,,,,,,,,,,,,,,,,,,,,,,,,,,,,,,,,,,,,,,,,,,,,0.0,36.0,,,,-325.5,,,,,,
2017-01-22 08:40:03.250000000,,,,,,,,,,,,,,,,,,,,,,,,,,,,,,,,,,,,,,,,,,,,,False,False,12.0,2.0,,,,,,,,,,,,
2017-01-22 08:40:03.259999990,1.0,-13.0,1.399999976158142,-35.400001525878906,2.0,2.0,-4.460000038146973,-0.7799999713897705,0.0013141632080078125,0.0,-0.12484607845544815,0.0,0.0,0.0,0.0,0.0,0.0,0.0,,,,,,,,,,,,,,,,,,,,,,,,,,,,,,,0.0,36.0,,,,-324.0,,,,,,
2017-01-22 08:40:03.279999971,,,,,,,,,,,,,,,,,,,,,,,,,,,,,,,,,,,,,,,,,,,,,,,,,0.0,,,,,-322.5,,,,,,
2017-01-22 08:40:03.299999952,1.0,-13.100000381469727,2.0999999046325684,-36.70000076293945,,,,,,,,,,,,,,,,,,,,,,,,,,,,,,,,,,,0.125,0.043,1.039,0.0,0.0,0.0,False,False,12.0,2.0,0.0,36.0,,,14.0,-321.0,,,,,,
2017-01-22 08:40:03.319999933,,,,,,,,,,,,,,,,,,,,,,,,,,,,,,,,,,,,,,,,,,,,,,,,,,36.0,,,,-319.5,,,,,,
2017-01-22 08:40:03.329999923,1.0,-13.399999618530273,2.5999999046325684,-37.900001525878906,,,,,,,,,,,,,,,,,,,,,,,,,,,,,,,,,,,,,,,,,,,,,,,,,,,,,,,,
2017-01-22 08:40:03.339999914,,,,,2.0,2.0,-4.679999828338623,-0.9599999785423279,0.0017223358154296875,0.0,-0.12484607845544815,0.0,0.0,0.0,0.0,0.0,0.0,0.0,,,,,,,,,,,,,,,,,,,,,,,,,,,,,,,0.0,36.0,,,,-318.0,,,,,,
2017-01-22 08:40:03.349999904,,,,,,,,,,,,,,,,,,,,,,,,,,,,,,,,,,,,,,,,,,,,,False,False,12.0,2.0,,,,,,,,,,,,
2017-01-22 08:40:03.359999895,1.0,-12.699999809265137,2.700000047683716,-37.20000076293945,,,,,,,,,,,,,,,,,,,,,,,,,,,,,,,,,,,,,,,,,,,,,0.0,36.0,,,,-318.0,,,,,,
2017-01-22 08:40:03.380000114,,,,,,,,,,,,,,,,,,,,,,,,,,,,,,,,,,,,,,,,,,,,,,,,,0.0,36.0,,,,-316.5,,,,,,
2017-01-22 08:40:03.400000095,1.0,-12.300000190734863,2.700000047683716,-37.0,,,,,,,,,,,,,,,,,,,,,,,,,,,,,,,,,,,0.152,0.219,1.055,0.0,0.0,0.0,False,False,12.0,0.0,0.0,,,,,-315.0,,,,,,
2017-01-22 08:40:03.420000076,,,,,2.0,2.0,-4.900000095367432,-1.1399999856948853,0.0016689300537109375,0.0,-0.12484607845544815,0.0,0.0,0.0,0.0,0.0,0.0,0.0,,,,,,,,,,,,,,,,,,,,,,,,,,,,,,,0.0,36.0,,,,-315.0,,,,,,
2017-01-22 08:40:03.430000066,1.0,-12.399999618530273,3.0,-37.400001525878906,,,,,,,,,,,,,,,,,,,,,,,,,,,,,,,,,,,,,,,,,,,,,,,,,,,,,,,,
2017-01-22 08:40:03.440000057,,,,,,,,,,,,,,,,,,,,,,,,,,,,,,,,,,,,,,,,,,,,,,,,,,36.0,,False,,-315.0,,,,,,
2017-01-22 08:40:03.450000047,,,,,,,,,,,,,,,,,,,,,,,,,,,,,,,,,,,,,,,,,,,,,False,False,12.0,0.0,,,,,,,,,,,,
2017-01-22 08:40:03.460000038,1.0,-12.300000190734863,2.700000047683716,-37.0,,,,,,,,,,,,,,,,,,,,,,,,,,,,,,,,,,,,,,,,,,,,,0.0,36.0,,,,-313.5,,,,,,
2017-01-22 08:40:03.480000019,,,,,,,,,,,,,,,,,,,,,,,,,,,,,,,,,,,,,,,,,,,,,,,,,0.0,36.0,,,,-313.5,,,,,,
2017-01-22 08:40:03.490000009,1.0,-12.100000381469727,2.5999999046325684,-37.099998474121094,,,,,,,,,,,,,,,,,,,,,,,,,,,,,,,,,,,,,,,,,,,,,,,,,,,,,,,,
2017-01-22 08:40:03.500000000,,,,,,,,,,,,,,,,,,,,,,,,,,,,,,,,,,,,,,,0.152,0.168,1.117,0.0,0.0,0.0,False,False,14.0,0.0,0.0,35.5,,,,-313.5,,,,,,
2017-01-22 08:40:03.519999980,,,,,2.0,2.0,-5.139999866485596,-1.340000033378601,0.001556396484375,0.0,-0.12484607845544815,0.0,0.0,0.0,0.0,0.0,0.0,0.0,,,,,,,,,,,,,,,,,,,,,,,,,,,,,,,0.0,35.5,,,,-312.0,,,,,,
2017-01-22 08:40:03.529999971,1.0,-11.899999618530273,2.200000047683716,-36.400001525878906,,,,,,,,,,,,,,,,,,,,,,,,,,,,,,,,,,,,,,,,,,,,,,,,,,,,,,,,
2017-01-22 08:40:03.539999961,,,,,,,,,,,,,,,,,,,,,,,,,,,,,,,,,,,,,,,,,,,,,,,,,0.0,,,,,-312.0,,,,,,
2017-01-22 08:40:03.549999952,,,,,,,,,,,,,,,,,,,,,,,,,,,,,,,,,,,,,,,,,,,,,False,False,12.0,0.0,,,,,,,,,,,,
2017-01-22 08:40:03.559999942,1.0,-11.699999809265137,1.899999976158142,-36.099998474121094,,,,,,,,,,,,,,,,,,,,,,,,,,,,,,,,,,,,,,,,,,,,,,35.5,,,,-310.5,,,,,,
2017-01-22 08:40:03.579999923,,,,,2.0,2.0,-5.679999828338623,-1.7799999713897705,,,,,0.0,0.0,,,,,,,,,,,,,,,,,,,,,,,,,,,,,,,,,,,0.0,35.5,,,,-310.5,,,,,,
2017-01-22 08:40:03.589999914,1.0,-11.100000381469727,2.4000000953674316,-36.20000076293945,,,,,,,,,,,,,,,,,,,,,,,,,,,,,,,,,,,,,,,,,,,,,,,,,,,,,,,,
2017-01-22 08:40:03.599999904,,,,,,,,,0.00180816650390625,0.0,-0.12484607845544815,0.0,,,0.0,0.0,0.0,0.0,,,,,,,,,,,,,,,,,,,,,0.117,0.086,0.859,0.0,0.0,0.0,False,False,14.0,0.0,0.0,35.0,,,,-309.0,,,,,,
2017-01-22 08:40:03.619999885,,,,,,,,,,,,,,,,,,,,,,,,,,,,,,,,,,,,,,,,,,,,,,,,,0.0,35.0,,,,-307.5,,,,,,
2017-01-22 08:40:03.630000114,1.0,-11.699999809265137,4.5,-36.400001525878906,,,,,,,,,,,,,,,,,,,,,,,,,,,,,,,,,,,,,,,,,,,,,,,,,,,,,,,,
2017-01-22 08:40:03.640000104,,,,,,,,,,,,,,,,,,,,,,,,,,,,,,,,,,,,,,,,,,,,,,,,,0.0,35.0,,,,-304.5,,,,,,
2017-01-22 08:40:03.650000095,,,,,,,,,,,,,,,,,,,,,,,,,,,,,,,,,,,,,,,,,,,,,False,False,14.0,0.0,,,,,,,,,,,,
2017-01-22 08:40:03.660000085,,-11.699999809265137,4.5,-36.400001525878906,,,,,,,,,,,,,,,,,,,,,,,,,,,,,,,,,,,,,,,,,,,,,0.0,,,,,-304.5,,,,,,
2017-01-22 08:40:03.680000066,,,,,2.0,2.0,-5.960000038146973,-2.0199999809265137,0.0016765594482421875,0.0,-0.12484607845544815,0.0,0.0,0.0,0.0,0.0,0.0,0.0,,,,,,,,,,,,,,,,,,,,,,,,,,,,,,,,35.0,,,,-301.5,,,,,,
2017-01-22 08:40:03.690000057,,-11.699999809265137,4.5,-36.400001525878906,,,,,,,,,,,,,,,,,,,,,,,,,,,,,,,,,,,,,,,,,,,,,,,,,,,,,,,,
2017-01-22 08:40:03.700000047,,,,,,,,,,,,,,,,,,,,,,,,,,,,,,,,,,,,,,,0.16,0.199,1.152,0.0,0.0,0.0,False,False,14.0,0.0,0.0,34.5,,,,-300.0,,,,,,
2017-01-22 08:40:03.720000028,,,,,,,,,,,,,,,,,,,,,,,,,,,,,,,,,,,,,,,,,,,,,,,,,0.0,34.5,,,,-295.5,,,,,,
2017-01-22 08:40:03.740000009,,,,,,,,,,,,,,,,,,,,,,,,,,,,,,,,,,,,,,,,,,,,,,,,,0.0,34.5,,False,,-292.5,,,,,,
2017-01-22 08:40:03.750000000,,,,,,,,,,,,,,,,,,,,,,,,,,,,,,,,,,,,,,,,,,,,,False,False,14.0,2.0,,,,,,,,,,,,
2017-01-22 08:40:03.759999990,,,,,2.0,2.0,-6.260000228881836,-2.2799999713897705,0.0016269683837890625,0.0,-0.12484607845544815,0.0,0.0,0.0,0.0,0.0,0.0,0.0,,,,,,,,,,,,,,,,,,,,,,,,,,,,,,,0.0,34.0,,,,-291.0,,,,,,
2017-01-22 08:40:03.779999971,,,,,,,,,,,,,,,,,,,,,,,,,,,,,,,,,,,,,,,,,,,,,,,,,0.0,34.0,,,,-286.5,,,,,,
2017-01-22 08:40:03.799999952,,,,,,,,,,,,,,,,,,,,,,,,,,,,,,,,,,,,,,,0.059,0.164,1.0,0.0,0.0,0.0,False,False,14.0,2.0,,,,,16.0,-282.0,,,,,,
2017-01-22 08:40:03.819999933,,,,,,,,,,,,,,,,,,,,,,,,,,,,,,,,,,,,,,,,,,,,,,,,,0.0,33.5,,,,-280.5,,,,,,
2017-01-22 08:40:03.839999914,,,,,2.0,2.0,-6.579999923706055,-2.5399999618530273,0.00104522705078125,0.0,-0.12484607845544815,0.0,0.0,0.0,0.0,0.0,0.0,0.0,,,,,,,,,,,,,,,,,,,,,,,,,,,,,,,0.0,33.5,,,,-276.0,,,,,,
2017-01-22 08:40:03.849999904,,,,,,,,,,,,,,,,,,,,,,,,,,,,,,,,,,,,,,,,,,,,,False,False,15.0,2.0,,,,,,,,,,,,
2017-01-22 08:40:03.859999895,,,,,,,,,,,,,,,,,,,,,,,,,,,,,,,,,,,,,,,,,,,,,,,,,0.0,33.5,,,,-273.0,,,,,,
2017-01-22 08:40:03.880000114,,,,,,,,,,,,,,,,,,,,,,,,,,,,,,,,,,,,,,,,,,,,,,,,,0.0,33.5,,,,-270.0,,,,,,
2017-01-22 08:40:03.900000095,,,,,,,,,,,,,,,,,,,,,,,,,,,,,,,,,,,,,,,0.109,0.168,1.066,0.0,0.0,0.0,False,False,14.0,2.0,0.0,33.5,,,,-267.0,,,,,,
2017-01-22 08:40:03.920000076,,,,,2.0,2.0,-1.8799999952316284,-2.819999933242798,-7.43865966796875e-05,0.0,-0.12484607845544815,0.0,0.0,0.0,0.0,0.0,0.0,0.0,,,,,,,,,,,,,,,,,,,,,,,,,,,,,,,,33.5,,,,-264.0,,,,,,
2017-01-22 08:40:03.940000057,,,,,,,,,,,,,,,,,,,,,,,,,,,,,,,,,,,,,,,,,,,,,,,,,0.0,,,,,-261.0,,,,,,
2017-01-22 08:40:03.950000047,,,,,,,,,,,,,,,,,,,,,,,,,,,,,,,,,,,,,,,,,,,,,False,False,15.0,2.0,,,,,,,,,,,,
2017-01-22 08:40:03.960000038,,,,,,,,,,,,,,,,,,,,,,,,,,,,,,,,,,,,,,,,,,,,,,,,,0.0,34.0,,,,-258.0,,,,,,
2017-01-22 08:40:03.980000019,,,,,,,,,,,,,,,,,,,,,,,,,,,,,,,,,,,,,,,,,,,,,,,,,0.0,34.0,,,,-255.0,,,,,,
